Handle,"Option1 Name","Option1 Value","Option2 Name","Option2 Value","Option3 Name","Option3 Value",SKU,Quantity
dominant-submissive-silicone-butt-plugs,Title,"Dominant Submissive Silicone Butt Plugs",,,,,N8481,0
loving-joy-anal-love-beads-black,Title,"Loving Joy Anal Love Beads Black",,,,,N8440,82
loving-joy-anal-love-beads-purple,Title,"Loving Joy Anal Love Beads Purple",,,,,N8442,102
loving-joy-finger-fun-pink,Title,"Loving Joy Finger Fun Small Butt Plug Pink",,,,,NS3442,118
double-penetrator,Title,"Double Penetrator",,,,,N4378,0
anal-blu-1-5-oz,Title,"Anal Blu 1.5 oz",,,,,N7988,0
lube-tubes,Title,"Lube Tubes",,,,,N6829,0
loving-joy-slide-lubricant-50ml,Title,"Loving Joy Slide Water Based Lubricant 50ml",,,,,N6659,1480
anal-blu,Title,"Anal Blu",,,,,N4372,0
anal-ese-desensitising-cream,Title,"Anal-Ese Desensitising Cream",,,,,N1549,0
doc-johnson-golden-girl-anal-jelly,Title,"Doc Johnson Golden Girl Anal Jelly",,,,,N0858,0
bound-to-please-bondage-rope-red,Title,"Bound to Please Bondage Rope Red",,,,,N8389,52
bound-to-please-bondage-rope-black,Title,"Bound to Please Bondage Rope Black",,,,,N8390,190
bound-to-please-bondage-rope-hemp,Title,"Bound to Please Bondage Rope Hemp",,,,,N8391,99
doc-johnson-good-head-ultimate-blow-job-gel-5-pack,Title,"Doc Johnson Good Head Ultimate Blow Job Gel 5 Pack",,,,,N9080,58
stallion-delay-creme-1-5oz,Title,"Stallion Delay Creme 1.5oz",,,,,N8238,36
anal-ese-desensitising-cream-1-5oz,Title,"Anal-Ese Desensitising Cream 1.5oz",,,,,N7893,0
doc-johnson-power-delay-for-men-cream,Title,"Doc Johnson Power Delay For Men-Cream",,,,,NS0815,0
doc-johnson-power-delay-for-men-spray,Title,"Doc Johnson Power Delay For Men-Spray",,,,,NS0816,0
doc-johnson-prolong-for-men-cream,Title,"Doc Johnson Intimate Enhancements Prolonging with Ginseng Delay Cream",,,,,NS0813,0
doc-johnson-prolong-for-men-spray,Title,"Doc Johnson Intimate Enhancements Prolonging with Ginseng Delay Spray",,,,,NS0814,0
stud-d-lay-spray,Title,"Stud D-Lay Spray",,,,,N0982,0
stud-d-lay-cream,Title,"Stud D-Lay Cream",,,,,N0981,0
stud-action-spray,Title,"Stud Action Spray",,,,,N0975,0
stud-action-cream,Title,"Stud Action Cream",,,,,N0974,0
enlargo-cream,Title,"Enlargo Cream",,,,,N0972,0
doc-johnson-good-head-deep-throat-spray-sweet-strawberry,Title,"Doc Johnson Good Head Deep Throat Spray Sweet Strawberry",,,,,N9079,0
doc-johnson-good-head-deep-throat-spray-wild-cherry,Title,"Doc Johnson Good Head Deep Throat Spray Wild Cherry",,,,,N8590,94
doc-johnson-plump-enhancement-cream-for-men,Title,"Doc Johnson Intimate Enhancements Plump Enhancing Cream For Men",,,,,N8048,0
anal-ease-cream-cherry,Title,"Anal Ease Cream Cherry",,,,,N7894,0
doc-johnson-sta-erect-for-men-cream,Title,"Doc Johnson Sta-Erect For Men-Cream",,,,,NS0817,0
doc-johnson-sta-erect-for-men-spray,Title,"Doc Johnson Sta-Erect For Men-Spray",,,,,NS0818,0
loving-joy-real-feel-8-inch-wonder-suction-cup-dong,Title,"Loving Joy Real Feel 8 Inch Wonder Suction Cup Dildo",,,,,N8964,0.000000
loving-joy-real-feel-9-inch-wonder-classic-dong,Title,"Loving Joy Real Feel 8 Inch Realistic Dong",,,,,N8966,0
doc-johnson-good-head-deep-throat-spray-mint,Title,"Doc Johnson Good Head Deep Throat Spray Mint",,,,,N8591,0
loving-joy-bully-boy-flesh,Title,"Loving Joy Bully Boy Realistic Vibrator Flesh",,,,,N8254,53
loving-joy-bully-boy-black,Title,"Loving Joy Bully Boy Realistic Vibrator Black",,,,,N8255,9
doc-johnson-reverse-tightening-gel-for-women,Title,"Doc Johnson Intimate Enhancements Reverse Tightening Gel For Women",,,,,N8049,0
doc-johnson-spot-on-g-spot-stimulating-gel,Title,"Doc Johnson Intimate Enhancements Spot On G-Spot Stimulating Gel",,,,,N8050,0
female-climax-cream,Title,"Female Climax Cream",,,,,N0973,0
doc-johnson-ur3-refresh-powder,Title,"Doc Johnson UR3 Refresh Powder",,,,,N8333,0
doc-johnson-nipple-clitoris-stimulating-gel,Title,"Doc Johnson Nipple & Clitoris Stimulating Gel",,,,,N2238,0
yes-pheromone-cologne-by-doc-johnson,Title,"YES! Pheromone Cologne by Doc Johnson",,,,,N2284,0
spanish-fly,Option,"drops 10 ml",,,,,NS0637,
10-function-remote-control-power-slim-bullet,Title,"10 Function Remote Control Power Slim Bullet",,,,,N7985,0
jessica-rabbit-g-spot-slim,Title,"Jessica Rabbit G-Spot Slim Vibrator",,,,,N6128,0
loving-joy-real-feel-pleasure-stroker,Title,"Loving Joy Real Feel Male Masturbator - Pleasure Stroker",,,,,N8968,36
loving-joy-real-feel-pussy-stroker,Title,"Loving Joy Real Feel Male Masturbator - Pussy Stroker",,,,,N8969,47
jessica-rabbit-onyx,Title,"Jessica Rabbit Onyx Vibrator",,,,,N4920,0
jessica-rabbit-ultimate-xxtra-g,Title,"Jessica Rabbit Ultimate XXTRA G Vibrator",,,,,N7519,1
jessica-rabbit-ultimate-extra,Title,"Jessica Rabbit Ultimate Extra Vibrator",,,,,N6522,0
jessica-rabbit-double-bunny,Title,"Jessica Rabbit Double Bunny Vibrator",,,,,N6684,0
jessica-rabbit-mk-2,Title,"Jessica Rabbit Mk 2 Vibrator",,,,,N6134,0
jessica-rabbit-original,Title,"Jessica Rabbit Original Vibrator",,,,,N6123,0
jessica-rabbit-ultimate-plus,Title,"Jessica Rabbit Ultimate Plus Vibrator",,,,,N6133,36
doc-johnson-junior-double-dong-pink,Title,"Doc Johnson Junior Double Dong-Pink",,,,,N10957,0
ultimate-double-penetrator-ring,Title,"Ultimate Double Penetrator Ring",,,,,N6140,0
loving-joy-real-feel-body-stroker,Title,"Loving Joy Real Feel Male Masturbator - Body Stroker",,,,,N8970,0
fsog-totally-his-soft-handcuffs,Title,"Fifty Shades of Grey Totally His Soft Handcuffs",,,,,N9591,0.000000
fsog-silky-caress-lubricant-100ml,Title,"Fifty Shades of Grey Silky Caress Lubricant 100ml",,,,,N9584,0
fsog-at-ease-anal-lubricant-100ml,Title,"Fifty Shades of Grey At Ease Anal Lubricant 100ml",,,,,N9583,0
fsog-restrain-me-bondage-rope-twin-pack,Title,"Fifty Shades of Grey Restrain Me Bondage Rope Twin Pack",,,,,N9580,0
fsog-masks-on-masquerade-mask-twin-pack,Title,"Fifty Shades of Grey Masks On Masquerade Mask Twin Pack",,,,,N9579,0
fsog-sweet-touch-mini-clitoral-vibrator,Title,"Fifty Shades of Grey Sweet Touch Mini Clitoral Vibrator",,,,,N9573,0.000000
fsog-new-charlie-tango-classic-vibe,Title,"Fifty Shades of Grey New Charlie Tango Classic Vibe",,,,,N9571,0
fsog-feel-it-vibrating-cock-ring,Title,"Fifty Shades of Grey Feel it Vibrating Cock Ring",,,,,N9570,0
fsog-delicious-fullness-vibrating-butt-plug,Title,"Fifty Shades of Grey Delicious Fullness Vibrating Butt Plug",,,,,N9569,0
fsog-drive-me-crazy-glass-massage-wand,Title,"Fifty Shades of Grey Drive Me Crazy Glass Massage Wand",,,,,N9567,0
fsog-no-peeking-soft-twin-blindfold-set,Title,"Fifty Shades of Grey No Peeking Soft Twin Blindfold Set",,,,,N9565,0
fsog-you-are-mine-metal-handcuffs,Title,"Fifty Shades of Grey You. Are. Mine. Metal Handcuffs",,,,,N9563,0
fsog-inner-goddess-silver-pleasure-balls,Title,"Fifty Shades of Grey Inner Goddess Silver Pleasure Balls",,,,,N9562,0
fsog-pleasure-intensified-anal-beads,Title,"Fifty Shades of Grey Pleasure Intensified Anal Beads",,,,,N9561,0.000000
fsog-yours-and-mine-vibrating-love-ring,Title,"Fifty Shades of Grey Yours and Mine Vibrating Love Ring",,,,,N9560,0.000000
fsog-something-forbidden-butt-plug,Title,"Fifty Shades of Grey Something Forbidden Butt Plug",,,,,N9558,0
fsog-the-pinch-nipple-clamps,Title,"Fifty Shades of Grey The Pinch Nipple Clamps",,,,,N9557,0
fsog-hard-limits-bed-restraint-kit,Title,"Fifty Shades of Grey Hard Limits Bed Restraint Kit",,,,,N9556,0
fsog-insatiable-desire-mini-g-spot,Title,"Fifty Shades of Grey Insatiable Desire Mini G-Spot",,,,,N9555,0.000000
fsog-tease-feather-tickler,Title,"Fifty Shades of Grey Tease Feather Tickler",,,,,N9552,0
fsog-sweet-sting-riding-crop,Title,"Fifty Shades of Grey Sweet Sting Riding Crop",,,,,N9551,0.000000
fsog-please-sir-satin-flogger,Title,"Fifty Shades of Grey Please Sir Satin Flogger",,,,,N9549,0.000000
pasante-king-size-condoms-12-pack,Title,"Pasante King Size Condoms-12 pack",,,,,NS6615,0
bound-to-please-nipple-clamps-chain,Title,"Bound to Please Nipple Clamps & Chain",,,,,N9381,12
bound-to-please-heavy-duty-nipple-clamp,Title,"Bound to Please Heavy Duty Nipple Clamp",,,,,N9380,22
bound-to-please-squeezer-teaser-clover-nipple-clamps-with-chain,Title,"Bound to Please Squeezer Teaser Clover Nipple Clamps with Chain",,,,,N9379,4
bound-to-please-nipple-clit-clamp,Title,"Bound to Please Nipple & Clit Clamp",,,,,N9378,30
bound-to-please-clit-clip,Title,"Bound to Please Clit Clip",,,,,N9375,1
loving-joy-triple-ripple-anal-beads-black,Title,"Loving Joy Triple Ripple Anal Beads-Black",,,,,NS6550,67
loving-joy-triple-ripple-anal-beads-pink,Title,"Loving Joy Triple Ripple Anal Beads-Pink",,,,,NS6551,80
loving-joy-silicone-pleasure-balls-black,Title,"Loving Joy Silicone Pleasure Balls-Black",,,,,NS6548,0
loving-joy-super-gybrator-7-inch,Title,"Loving Joy Super Gybrator 7 inch Rotating and Vibrating Dildo",,,,,NS6546,0
mr-nori-s-magic-gel-authentic-nuru-massage-gel-33oz,Title,"Mr Nori`s Magic Gel Authentic Nuru Massage Gel-33oz",,,,,NS6539,22
sliquid-ride-bodyworx-silk-hybrid-lubricant-125ml,Title,"Sliquid Ride Lube Hybrid Lubricant-125ml",,,,,NS6503,23
sliquid-oceanics-carrageenan-natural-lubricant-125ml,Title,"Sliquid Oceanics Carrageenan Natural Lubricant-125ml",,,,,NS6488,0
sliquid-organics-natural-gel-thick-lubricant-125ml,Title,"Sliquid Organics Natural Gel Thick Lubricant-125ml",,,,,NS6486,163
sliquid-organics-natural-gel-thick-lubricant-255ml,Title,"Sliquid Organics Natural Gel Thick Lubricant-255ml",,,,,NS6487,32
sliquid-organics-silk-hybrid-lubricant-255ml,Title,"Sliquid Organics Silk Hybrid Lubricant-255ml",,,,,NS6485,0
sliquid-organics-sensations-stimulating-lubricant-125ml,Title,"Sliquid Organics Sensations Stimulating Lubricant-125ml",,,,,NS6482,17
sliquid-naturals-silver-silicone-lubricant-125ml,Title,"Sliquid Naturals Silver Silicone Lubricant-125ml",,,,,NS6472,48
sliquid-naturals-silver-silicone-lubricant-255ml,Title,"Sliquid Naturals Silver Silicone Lubricant-255ml",,,,,NS6473,20
sliquid-naturals-satin-moisturiser-lubricant-125ml,Title,"Sliquid Naturals Satin Moisturiser Lubricant-125ml",,,,,NS6470,148
sliquid-naturals-silk-hybrid-lubricant-125ml,Title,"Sliquid Naturals Silk Hybrid Lubricant-125ml",,,,,NS6468,258
sliquid-naturals-sea-carrageenan-infused-lubricant-125ml,Title,"Sliquid Naturals Sea Carrageenan Infused Lubricant-125ml",,,,,NS6465,45
sliquid-naturals-sassy-anal-lubricant-125ml,Title,"Sliquid Naturals Sassy Anal Lubricant-125ml",,,,,NS6463,63
sliquid-naturals-sassy-anal-lubricant-255ml,Title,"Sliquid Naturals Sassy Anal Lubricant-255ml",,,,,NS6464,0
sliquid-naturals-h20-waterbased-lubricant-125ml,Title,"Sliquid Naturals H20 Waterbased Lubricant-125ml",,,,,NS6461,158
sliquid-naturals-h20-waterbased-lubricant-255ml,Title,"Sliquid Naturals H20 Waterbased Lubricant-255ml",,,,,NS6462,99
sliquid-balance-collection-massage-oil-4-2oz,Option,Serenity,,,,,NS6493,
sliquid-naturals-swirl-flavoured-lubricants,Option,"Blue Raspberry",,,,,NS6477,
sliquid-naturals-swirl-flavoured-lubricants,Option,"Strawberry Pomegranate",,,,,NS6478,
sliquid-naturals-swirl-flavoured-lubricants,Option,"Pink Lemonade",,,,,NS6479,22
sliquid-naturals-swirl-flavoured-lubricants,Option,"Cherry Vanilla",,,,,NS6474,
loving-joy-toy-cleaner,Title,"Loving Joy Toy Cleaner",,,,,N6525,0
fsog-greedy-girl-rechargeable-g-spot-rabbit-vibrator,Title,"Fifty Shades of Grey Greedy Girl Rechargeable G-Spot Rabbit Vibrator",,,,,N9701,0
fsog-beyond-aroused-kegel-balls-set,Title,"Fifty Shades of Grey Beyond Aroused Kegel Balls Set",,,,,N9700,0
lubido-lubricant-250ml,Title,"Lubido Water Based Lubricant 250ml",,,,,N9820,1649
sliquid-organics-natural-intimate-lubricant-125ml,Title,"Sliquid Organics Natural Intimate Lubricant-125ml",,,,,NS6480,141
sliquid-organics-natural-intimate-lubricant-255ml,Title,"Sliquid Organics Natural Intimate Lubricant-255ml",,,,,NS6481,8
lubido-lubricant-100ml,Title,"Lubido Lubricant 100ml",,,,,N9886,0
fsog-a-perfect-o-silicone-love-ring,Title,"Fifty Shades of Grey A Perfect O Silicone Love Ring",,,,,N9954,0
fsog-again-and-again-adjustable-love-ring,Title,"Fifty Shades of Grey Again and Again Adjustable Love Ring",,,,,N9955,0
fsog-secret-touching-finger-massager,Title,"Fifty Shades of Grey Secret Touching Finger Massager",,,,,N9956,0
fsog-nothing-but-sensation-nipple-teasers,Title,"Fifty Shades of Grey Nothing but Sensation Nipple Teasers",,,,,N9957,0
fsog-sweet-torture-vibrating-nipple-stimulators,Title,"Fifty Shades of Grey Sweet Torture Vibrating Nipple Stimulators",,,,,N9958,0
fsog-tighten-and-tense-silicone-jiggle-balls,Title,"Fifty Shades of Grey Tighten and Tense Silicone Jiggle Balls",,,,,N9960,0
fsog-driven-by-desire-silicone-pleasure-plug,Title,"Fifty Shades of Grey Driven by Desire Silicone Pleasure Plug",,,,,N9962,0
zuyosa-sexual-vitality-supplement-for-men,Title,"Zuyosa Sexual Vitality Supplement for Men 4 Pack",,,,,N10092,0
bound-nubuck-leather-ankle-restraints,Title,"BOUND Nubuck Leather Ankle Restraints",,,,,N10095,5
bound-nubuck-leather-collar,Title,"BOUND Nubuck Leather Collar",,,,,N10096,3
bound-nubuck-leather-collar-2,Title,"BOUND Nubuck Leather Flogger",,,,,N10097,6
bound-nubuck-leather-padded-paddle,Title,"BOUND Nubuck Leather Padded Paddle",,,,,N10098,10
nound-nubuck-leather-solid-ball-gag,Title,"BOUND Nubuck Leather Solid Ball Gag",,,,,N10099,14
bound-nubuck-leather-4-way-hog-tie,Title,"BOUND Nubuck Leather 4 Way Hog Tie",,,,,N10100,0
bound-nubuck-leather-leash,Title,"BOUND Nubuck Leather Leash",,,,,N10101,3
bound-nubuck-leather-blindfold,Title,"BOUND Nubuck Leather Blindfold",,,,,N10102,0
bound-nubuck-leather-heart-shaped-crop,Title,"BOUND Nubuck Leather Heart-Shaped Crop",,,,,N10103,1
bound-nubuck-choker-with-o-ring,Title,"BOUND Nubuck Leather Choker with 'O' Ring",,,,,N10116,6
sliquid-naturals-h20-waterbased-lubricant-59ml,Title,"Sliquid Naturals H20 Waterbased Lubricant-59ml",,,,,NS7003,63
sliquid-naturals-sassy-anal-lubricant-59ml,Title,"Sliquid Naturals Sassy Anal Lubricant-59ml",,,,,NS7004,53
sliquid-naturals-silver-silicone-lubricant-59ml,Title,"Sliquid Naturals Silver Silicone Lubricant-59ml",,,,,NS7007,16
sliquid-soul-organic-coconut-oil-moisturiser-2-oz,Title,"Sliquid Soul Organic Coconut Oil Moisturiser-59ml",,,,,NS7013,121
loving-joy-power-bullet-vibrator,Option,'Black',,,,,NS7069,0
loving-joy-power-bullet-vibrator,Option,'Pink',,,,,NS7070,0
lubido-anal-lubricant-250ml,Title,"Lubido Anal Lubricant 250ml",,,,,N10202,423
precious-metals-silver-anal-plug-small,Title,"Precious Metals Silver Butt Plug-Small",,,,,NS7100,0
precious-metals-silver-anal-plug-large,Title,"Precious Metals Silver Butt Plug-Large",,,,,NS7101,93
precious-metals-gold-anal-plug-small,Title,"Precious Metals Gold Butt Plug-Small",,,,,NS7102,0
precious-metals-gold-anal-plug-large,Title,"Precious Metals Gold Butt Plug-Large",,,,,NS7103,0
precious-metals-silver-ribbed-anal-plug,Title,"Precious Metals Ribbed Silver Butt Plug",,,,,N10232,0
precious-metals-silver-smooth-anal-plug-small,Title,"Precious Metals Smooth Silver Butt Plug-Small",,,,,NS7104,0
precious-metals-silver-smooth-anal-plug-medium,Title,"Precious Metals Smooth Silver Butt Plug-Medium",,,,,NS7105,0
precious-metals-silver-smooth-anal-plug-large,Title,"Precious Metals Smooth Silver Butt Plug-Large",,,,,NS7106,0
loving-joy-jewelled-silicone-butt-plug-purple-small,Title,"Loving Joy Jewelled Silicone Butt Plug Purple -Small",,,,,N11237,0
loving-joy-jewelled-silicone-butt-plug-purple-medium,Title,"Loving Joy Jewelled Silicone Butt Plug Purple - Medium",,,,,N11238,0
loving-joy-jewelled-silicone-butt-plug-purple-large,Title,"Loving Joy Jewelled Silicone Butt Plug Purple -Large",,,,,N11239,0
fsog-darker-oh-my-usb-rechargeable-rabbit-vibrator,Title,"Fifty Shades Darker Oh My USB Rechargeable Rabbit Vibrator",,,,,N10241,0
fsog-darker-desire-explodes-usb-rechargeable-g-spot-vibrator,Title,"Fifty Shades Darker Desire Explodes USB Rechargeable G-Spot Vibrator",,,,,N10242,0
fsog-darker-at-my-mercy-beaded-chain-nipple-clamps,Title,"Fifty Shades Darker At My Mercy Beaded Chain Nipple Clamps",,,,,N10250,0.000000
fsog-darker-just-sensation-beaded-clitoral-clamp,Title,"Fifty Shades Darker Just Sensation Beaded Clitoral Clamp",,,,,N10251,0
fsog-darker-adrenaline-spikes-metal-pinwheel,Title,"Fifty Shades Darker Adrenaline Spikes Metal Pinwheel",,,,,N10252,0
impound-exhibition-male-chastity-device,Title,"Impound Exhibition Male Chastity Device",,,,,N10348,30
impound-gladiator-male-chastity-device,Title,"Impound Gladiator Male Chastity Device",,,,,N10349,0
impound-corkscrew-male-chastity-device-with-penis-plug,Title,"Impound Corkscrew Male Chastity Device with Penis Plug",,,,,N10351,78
precious-metals-limited-edition-heart-shaped-anal-plugs-gold,Title,"Precious Metals Heart Shaped Butt Plug-Gold",,,,,NS7167,76
precious-metals-limited-edition-heart-shaped-anal-plugs-silver,Title,"Precious Metals Heart Shaped Butt Plug-Silver",,,,,NS7168,42
lubido-hybrid-moisturising-lubricant-250ml,Title,"Lubido Hybrid Moisturising Lubricant 250ml",,,,,N10357,34
loving-joy-versa-multi-function-flexible-vibrator,Title,"Loving Joy Versa Multi Purpose Flexible Vibrator",,,,,N10371,0
furry-fantasy-black-bunny-tail,Title,"Furry Fantasy Black Bunny Tail Butt Plug",,,,,N10422,3
furry-fantasy-white-bunny-tail,Title,"Furry Fantasy White Bunny Tail Butt Plug",,,,,N10423,11
furry-fantasy-red-fox-tail,Title,"Furry Fantasy Red Fox Tail Butt Plug",,,,,N10424,14
loving-joy-realistic-dildo-with-balls-and-suction-cup-6-inch,Title,"Loving Joy Realistic Dildo with Balls and Suction Cup 6 inch",,,,,N10432,30
loving-joy-realistic-dildo-with-balls-and-suction-cup-7-5-inch,Title,"Loving Joy Realistic Dildo with Balls and Suction Cup 7.5 Inch",,,,,N10434,0
loving-joy-universal-black-harness,Title,"Loving Joy Universal Black Harness",,,,,N10437,171
loving-joy-6-inch-silicone-dildo-with-suction-cup,Title,"Loving Joy 6 Inch Silicone Dildo with Suction Cup",,,,,N10438,0
loving-joy-door-jam-cuffs,Title,"Loving Joy Door Jam Cuffs",,,,,N10447,12
loving-joy-under-the-bed-restraint-system,Title,"Loving Joy Under the Mattress Restraint System",,,,,N10449,44
loving-joy-hog-tie-set,Title,"Loving Joy Hog Tie Set",,,,,N10451,9
loving-joy-velcro-wrist-restraints,Title,"Loving Joy Beginners Wrist Restraints",,,,,N10452,7
bound-to-please-triple-cock-and-ball-ring,Title,"Bound to Please Triple Cock and Ball Ring",,,,,N10456,45
bound-to-please-glans-ring-30mm,Title,"Bound to Please Glans Ring - 30mm",,,,,N10457,49
bound-to-please-through-hole-penis-plug-25mm,Title,"Bound to Please Through-Hole Penis Plug 25mm",,,,,N10459,0
bound-to-please-metal-cock-and-ball-ring-40mm,Title,"Bound to Please Metal Cock and Ball Ring - 40mm",,,,,N10461,22
bound-to-please-metal-cock-and-ball-ring-45mm,Title,"Bound to Please Metal Cock and Ball Ring - 45mm",,,,,N10462,44
bound-to-please-metal-cock-and-ball-ring-50mm,Title,"Bound to Please Metal Cock and Ball Ring - 50mm",,,,,N10463,0
loving-joy-mini-g-spot-vibrator-lavender,Title,"Loving Joy Mini G-Spot Vibrator Lavender",,,,,N10479,0
bound-to-please-breathable-ball-gag,Title,"Bound to Please Breathable Ball Gag",,,,,N10511,0
bound-to-please-universal-silicone-cuffs,Title,"Bound to Please Silicone Universal Cuffs",,,,,N10528,3
bound-to-please-silicone-collar-and-lead-set,Title,"Bound to Please Silicone Collar and Lead Set",,,,,N10529,2
bound-to-please-silicone-paddle,Title,"Bound to Please Silicone Paddle",,,,,N10530,0
bound-to-please-silicone-riding-crop,Title,"Bound to Please Silicone Riding Crop",,,,,N10531,41
fifty-shades-freed-deep-inside-rechargeable-classic-wave-vibrator,Title,"Fifty Shades Freed Deep Inside Rechargeable Classic Wave Vibrator",,,,,N10534,0
fifty-shades-freed-lavish-attention-rechargeable-clitoral-g-spot-vibrator,Title,"Fifty Shades Freed Lavish Attention Rechargeable Clitoral & G-Spot Vibrator",,,,,N10536,0
fifty-shades-freed-i-ve-got-you-rechargeable-remote-control-love-egg,Title,"Fifty Shades Freed I've Got You Rechargeable Remote Control Love Egg",,,,,N10541,0
fifty-shades-freed-all-sensation-nipple-clitoral-chain,Title,"Fifty Shades Freed All Sensation Nipple & Clitoral Chain",,,,,N10546,0
bound-to-please-bondage-tape,Title,"Bound to Please Bondage Tape Black",,,,,N10627,0
loving-joy-10-function-rechargeable-remote-controlled-egg,Title,"Loving Joy 10 Function Rechargeable Remote Controlled Egg",,,,,N10642,0
loving-joy-dua-interchangeable-vibrator,Title,"Loving Joy DUA Interchangeable Vibrator with 2 Attachments",,,,,N10700,0
sliquid-naturals-swirl-flavoured-lubricants-tangerine-peach,Title,"Sliquid Naturals Swirl Flavoured Lubricants Tangerine Peach 125ml",,,,,NS7246,0
loving-joy-extra-3-inch-penis-extension,Title,"Loving Joy Extra 3 Inch Penis Extension",,,,,N10725,135
loving-joy-mighty-3-inch-penis-extension-with-ball-loop,Title,"Loving Joy Mighty 3 Inch Penis Extension with Ball Loop",,,,,N10726,0
furry-fantasy-rainbow-tail-butt-plug,Title,"Furry Fantasy Rainbow Tail Butt Plug",,,,,N10780,46
bound-noir-nubuck-leather-slim-wrist-cuffs,Title,"Bound Noir Nubuck Leather Slim Wrist Cuffs",,,,,N10781,5
bound-noir-nubuck-leather-riding-crop,Title,"Bound Noir Nubuck Leather Riding Crop",,,,,N10782,1
bound-noir-nubuck-leather-paddle-with-brass-stud-detail,Title,"Bound Noir Nubuck Leather Paddle with Brass Stud Detail",,,,,N10783,2
bound-noir-nubuck-leather-leash,Title,"Bound Noir Nubuck Leather Leash",,,,,N10785,4
loving-joy-anal-douche,Title,"Loving Joy Anal Douche 225ml",,,,,N10796,94
loving-joy-boss-textured-penis-sleeve-with-ball-loop,Title,"Loving Joy Boss Textured Penis Sleeve with Ball Loop",,,,,N10818,1
loving-joy-real-feel-blow-job-stroker,Title,"Loving Joy Real Feel Blow Job Stroker",,,,,N10833,3
furry-fantasy-black-panther-tail-butt-plug,Title,"Furry Fantasy Black Panther Tail Butt Plug",,,,,N10880,0
loving-joy-curved-5-inch-silicone-dildo-with-suction-cup,Title,"Loving Joy Curved 5 Inch Silicone Dildo with Suction Cup",,,,,N10885,42
bound-noir-nubuck-leather-collar-with-o-ring,Title,"Bound Noir Nubuck Leather Collar with O Ring",,,,,N10919,2
bound-to-please-riding-crop,Title,"Bound to Please Riding Crop",,,,,N10924,2
bound-to-please-bamboo-spanking-paddle,Title,"Bound to Please Bamboo Spanking Paddle",,,,,N10925,0
bound-to-please-breathable-ball-gag-red,Title,"Bound to Please Breathable Ball Gag Red",,,,,N10931,0
loving-joy-vita-rechargeable-magic-wand-vibrator,Title,"Loving Joy VITA Rechargeable Magic Wand Vibrator",,,,,N10938,0
loving-joy-anal-douche-160ml,Title,"Loving Joy Anal Douche 160ml",,,,,N10953,185
bound-to-please-silicone-heart-shaped-crop-with-feather-tickler,Title,"Bound to Please Silicone Heart Shaped Crop with Feather Tickler",,,,,N10963,12
realistic-warming-6-5-inch-vibrating-dildo-with-balls,Title,"Realistic Warming 6.5 inch Vibrating Dildo with Balls Brown",,,,,N10994,0
realistic-warming-7-inch-vibrating-dildo,Title,"Realistic Warming 7 inch Vibrating Dildo Brown",,,,,N10995,0
zuyosa-alphaboost-supplement,Title,"Zuyosa Alphaboost Supplement (60 Capsules)",,,,,N11023,0
loving-joy-beginners-bondage-kit-black-8-piece,Title,"Loving Joy Beginner's Bondage Kit Black (8 Piece)",,,,,N11024,65
spectrum-ribbed-glass-dildo,Title,"Spectrum Ribbed Glass Dildo",,,,,N11032,11
spectrum-ribbed-g-spot-glass-dildo,Title,"Spectrum Ribbed G-Spot Glass Dildo",,,,,N11033,0
spectrum-nubby-textured-glass-dildo,Title,"Spectrum Nubby Textured Glass Dildo",,,,,N11034,12
loving-joy-realistic-vagina-and-ass-male-masturbator,Title,"Loving Joy Realistic Vagina and Ass Male Masturbator",,,,,N11035,0
loving-joy-tux-remote-control-couples-cock-ring,Title,"Loving Joy TUX Remote Control Couples Cock Ring",,,,,N11073,0
loving-joy-thick-silicone-cock-rings-3-pack,Title,"Loving Joy Thick Silicone Cock Rings 3 Pack",,,,,N11080,7
lubido-anal-ease-lubricant-30ml,Title,"Lubido Anal Ease Lubricant 30ml",,,,,N11108,0
lubido-hybrid-moisturising-lubricant-30ml,Title,"Lubido Hybrid Moisturising Lubricant 30ml",,,,,N11109,95
loving-joy-6-inch-silicone-inflatable-dildo,Title,"Loving Joy 6 Inch Silicone Inflatable Dildo",,,,,N11134,81
loving-joy-flex-silicone-bendable-rabbit-vibrator,Title,"Loving Joy FLEX Silicone Bendable Rabbit Vibrator",,,,,N11135,0
loving-joy-flux-silicone-bendable-g-spot-vibrator,Title,"Loving Joy FLUX Silicone Bendable G-Spot Vibrator",,,,,N11136,6
loving-joy-rechargeable-silicone-vibrating-cock-ring,Title,"Loving Joy Rechargeable Silicone Vibrating Cock Ring",,,,,N11161,24
fifty-shades-of-grey-inner-goddess-silver-jiggle-balls-67g,Title,"Fifty Shades of Grey Inner Goddess Silver Jiggle Balls 67g",,,,,N11188,0
fifty-shades-of-grey-inner-goddess-glass-pleasure-balls-77g,Title,"Fifty Shades of Grey Inner Goddess Glass Pleasure Balls 77g",,,,,N11189,0.000000
fifty-shades-of-grey-inner-goddess-mini-silver-pleasure-balls-85g,Title,"Fifty Shades of Grey Inner Goddess Mini Silver Pleasure Balls 85g",,,,,N11190,0
fifty-shades-of-grey-inner-goddess-colourplay-silicone-jiggle-balls-90g,Title,"Fifty Shades of Grey Inner Goddess Colourplay Silicone Jiggle Balls 90g",,,,,N11191,0
fifty-shades-of-grey-inner-goddess-kegel-toner-balls-78g,Title,"Fifty Shades of Grey Inner Goddess Kegel Toner Balls 78g",,,,,N11192,0
fifty-shades-of-grey-greedy-girl-rechargeable-clitoral-rabbit-vibrator,Title,"Fifty Shades of Grey Greedy Girl Rechargeable Clitoral Rabbit Vibrator",,,,,N11193,0
fifty-shades-of-grey-greedy-girl-rechargeable-bullet-rabbit-vibrator,Title,"Fifty Shades of Grey Greedy Girl Rechargeable Bullet Rabbit Vibrator",,,,,N11194,0
fifty-shades-of-grey-greedy-girl-rechargeable-mini-rabbit-vibrator,Title,"Fifty Shades of Grey Greedy Girl Rechargeable Mini Rabbit Vibrator",,,,,N11195,0
fifty-shades-of-grey-greedy-girl-rechargeable-slimline-rabbit-vibrator,Title,"Fifty Shades of Grey Greedy Girl Rechargeable Slimline Rabbit Vibrator",,,,,N11196,0
fifty-shades-of-grey-greedy-girl-rechargeable-thrusting-g-spot-rabbit-vibrator,Title,"Fifty Shades of Grey Greedy Girl Rechargeable Thrusting G-Spot Rabbit Vibrator",,,,,N11197,0
fifty-shades-of-grey-relentless-vibrations-remote-control-love-ring,Title,"Fifty Shades of Grey Relentless Vibrations Remote Control Love Ring",,,,,N11200,0.000000
fifty-shades-of-grey-relentless-vibrations-remote-control-panty-vibe,Title,"Fifty Shades of Grey Relentless Vibrations Remote Control Panty Vibe",,,,,N11201,0
fifty-shades-of-grey-relentless-vibrations-remote-control-kegel-balls,Title,"Fifty Shades of Grey Relentless Vibrations Remote Control Kegel Balls",,,,,N11202,0
fifty-shades-of-grey-pleasure-overload-sweet-sensations-kit-7-pieces,Title,"Fifty Shades of Grey Pleasure Overload Sweet Sensations Kit (7 pieces)",,,,,N11204,0
fifty-shades-of-grey-pleasure-overload-take-it-slow-anal-beginners-kit-4-pieces,Title,"Fifty Shades of Grey Pleasure Overload Take It Slow Anal Beginners Kit (4 pieces)",,,,,N11205,0
realistic-warming-thrusting-vibrating-dildo,Title,"Realistic Warming and Thrusting Vibrating Dildo Flesh",,,,,N11212,0
china-shrink-cream-tightening-enhancer,Title,"China Shrink Cream Tightening Enhancer",,,,,N11213,0
lubido-water-based-lubricant-500ml,Title,"Lubido Water Based Lubricant 500ml",,,,,N11219,0
sliquid-naturals-swirl-flavoured-lubricants-strawberry-pomegranate-59ml,Title,"Sliquid Naturals Swirl Flavoured Lubricants-Strawberry Pomegranate 59ml",,,,,N11223,0
sliquid-naturals-swirl-flavoured-lubricants-tangerine-peach-59ml,Title,"Sliquid Naturals Swirl Flavoured Lubricants-Tangerine Peach 59ml",,,,,N11224,0.000000
sliquid-naturals-swirl-flavoured-lubricants-green-apple-59ml,Title,"Sliquid Naturals Swirl Flavoured Lubricants-Green Apple 59ml",,,,,N11225,0
sliquid-naturals-swirl-flavoured-lubricants-blue-raspberry-59ml,Title,"Sliquid Naturals Swirl Flavoured Lubricants-Blue Raspberry 59ml",,,,,N11226,31
sliquid-organics-natural-intimate-lubricant-59ml,Title,"Sliquid Organics Natural Intimate Lubricant 59ml",,,,,N11227,15
sliquid-organics-sensations-stimulating-lubricant-59ml,Title,"Sliquid Organics Sensations Stimulating Lubricant 59ml",,,,,N11228,23
sliquid-organics-silk-hybrid-lubricant-59ml,Title,"Sliquid Organics Silk Hybrid Lubricant 59ml",,,,,N11229,0
sliquid-organics-natural-gel-thick-lubricant-59ml,Title,"Sliquid Organics Natural Gel Thick Lubricant 59ml",,,,,N11230,59
bound-to-please-love-slapper-paddle,Title,"Bound to Please Love Slapper Paddle",,,,,N11271,2
bound-to-please-heart-slapper-paddle,Title,"Bound to Please Heart Slapper Paddle",,,,,N11272,8
bound-to-please-two-strap-spanking-paddle,Title,"Bound to Please Strap Spanking Paddle",,,,,N11273,71
loving-joy-10-function-magic-wand-vibrator-purple,Title,"Loving Joy 10 Function Magic Wand Vibrator Purple",,,,,N11291,0
loving-joy-10-function-magic-wand-vibrator-black,Title,"Loving Joy 10 Function Magic Wand Vibrator Black",,,,,N11292,0
loving-joy-enjoy-water-based-lubricant-250ml,Title,"Loving Joy Slide Water-Based Aloe Infused Lubricant 250ml",,,,,N11294,0
loving-joy-discover-thick-anal-lubricant-250ml,Title,"Loving Joy Aloe Infused Anal Lubricant 250ml",,,,,N11295,0
loving-joy-silky-lubricant-250ml,Title,"Loving Joy Silky Lubricant 250ml",,,,,N11296,114
mina-soft-silicone-classic-vibrator,Title,"Mina Soft Silicone Classic Vibrator",,,,,N11314,0
mina-soft-silicone-rabbit-vibrator,Title,"Mina Soft Silicone Rabbit Vibrator",,,,,N11315,0
mina-touch-sensitive-wand-vibrator,Title,"Mina Touch Sensitive Wand Vibrator",,,,,N11316,0
mina-silicone-mini-vibrator,Title,"Mina Silicone Mini Vibrator",,,,,N11317,0
mina-remote-controlled-vibrator,Title,"Mina Remote Controlled Vibrator",,,,,N11318,0
fifty-shades-of-grey-pleasure-overload-10-days-of-play-couple-s-kit,Title,"Fifty Shades of Grey Pleasure Overload 10 Days of Play Couple's Kit",,,,,N11326,0
bound-to-please-pvc-bed-sheet-one-size-red,Title,"Bound to Please PVC Bed Sheet One Size Red",,,,,N11397,0
bound-to-please-pvc-bed-sheet-one-size-black,Title,"Bound to Please PVC Bed Sheet One Size Black",,,,,N11398,0
loving-joy-mini-g-spot-vibrator-orange,Title,"Loving Joy Mini G-Spot Vibrator Orange",,,,,N11399,0
loving-joy-mini-g-spot-vibrator-black,Title,"Loving Joy Mini G-Spot Vibrator Black",,,,,N11400,73
bound-to-please-flogger,Title,"Bound to Please Flogger",,,,,N11401,91
bound-to-please-pink-black-wrist-cuffs,Title,"Bound to Please Pink & Black Wrist Cuffs",,,,,N11402,0
bound-to-please-pink-black-ankle-cuffs,Title,"Bound to Please Pink & Black Ankle Cuffs",,,,,N11403,0
bound-to-please-pink-black-bondage-collar-leash,Title,"Bound to Please Pink & Black Bondage Collar & Leash",,,,,N11404,0
bound-to-please-red-wrist-cuffs,Title,"Bound to Please Red Wrist Cuffs",,,,,N11405,81
bound-to-please-red-ankle-cuffs,Title,"Bound to Please Red Ankle Cuffs",,,,,N11406,82
bound-to-please-red-bondage-collar,Title,"Bound to Please Red Bondage Collar",,,,,N11407,0
onmi-delay-spray-50ml,Title,"Onmi  Delay Gel 50ml",,,,,N11408,0
onmi-orgasm-gel-50-ml,Title,"Onmi Orgasm Gel 50 ml",,,,,N11409,0
loving-joy-10-function-purple-bullet-vibrator,Title,"Loving Joy 10 Function Purple Bullet Vibrator",,,,,N11410,44
loving-joy-10-function-gold-bullet-vibrator,Title,"Loving Joy 10 Function Gold Bullet Vibrator",,,,,N11411,0
loving-joy-single-speed-silver-bullet-vibrator,Title,"Loving Joy Single Speed Silver Bullet Vibrator",,,,,N11412,49
loving-joy-realistic-silicone-6-inch-strap-on-dildo,Title,"Loving Joy Realistic Silicone 6 Inch Strap-On Dildo",,,,,N11413,0
loving-joy-realistic-silicone-7-5-inch-strap-on-dildo,Title,"Loving Joy Realistic Silicone 7.5 Inch Strap-On Dildo",,,,,N11414,0
loving-joy-realistic-silicone-8-5-inch-strap-on-dildo,Title,"Loving Joy Realistic Silicone 8.5 Inch Strap-On Dildo",,,,,N11415,0
loving-joy-mini-g-spot-vibrator-silver,Title,"Loving Joy Mini G-Spot Vibrator Silver",,,,,N11421,0
loving-joy-mini-g-spot-vibrator-rose-gold,Title,"Loving Joy Mini G-Spot Vibrator Rose Gold",,,,,N11422,0
loving-joy-mini-g-spot-vibrator-gold,Title,"Loving Joy Mini G-Spot Vibrator Gold",,,,,N11423,0
realistic-warming-7-inch-vibrating-dildo-flesh,Title,"Realistic Warming 7 inch Vibrating Dildo Flesh",,,,,N11430,0
loving-joy-classic-lady-finger-vibrator-pink,Title,"Loving Joy Classic Lady Finger Vibrator Pink",,,,,N11432,0
loving-joy-classic-lady-finger-vibrator-purple,Title,"Loving Joy Classic Lady Finger Vibrator Purple",,,,,N11433,0
loving-joy-10-function-lady-finger-vibrator-black,Title,"Loving Joy 10 Function Lady Finger Vibrator Black",,,,,N11434,0
loving-joy-10-function-pink-bullet-vibrator,Title,"Loving Joy 10 Function Pink Bullet Vibrator",,,,,N11435,40
loving-joy-10-function-obsidian-bullet-vibrator,Title,"Loving Joy 10 Function Obsidian Bullet Vibrator",,,,,N11436,57
onmi-natural-personal-lubricant-100-ml,Title,"Onmi Natural Personal Lubricant 100 ml",,,,,N11437,0
joyrings-silicone-vibrating-cock-ring,Title,"JoyRings Silicone Vibrating Cock Ring",,,,,N11438,40
joyrings-silicone-rabbit-vibrating-cock-ring,Title,"JoyRings Silicone Rabbit Vibrating Cock Ring",,,,,N11439,30
joyrings-silicone-vibrating-cock-and-ball-ring,Title,"JoyRings Silicone Vibrating Cock and Ball Ring",,,,,N11441,7
joyrings-silicone-adjustable-stamina-ring,Title,"JoyRings Silicone Adjustable Stamina Ring",,,,,N11442,96
joyrings-vibrating-support-cock-ring,Title,"JoyRings Vibrating Support Cock Ring",,,,,N11443,3
joyrings-doughnut-cock-rings-3-pack,Title,"JoyRings Doughnut Cock Rings (3 Pack)",,,,,N11444,48
joyrings-enhancement-cock-ring-set-3-pack,Title,"JoyRings Enhancement Cock Ring Set (3 Pack)",,,,,N11445,24
joyrings-silicone-double-rabbit-cock-ring,Title,"JoyRings Silicone Double Rabbit Cock Ring",,,,,N11446,0
joyrings-stamina-cock-ring-set-2-pack,Title,"JoyRings Stamina Cock Ring Set (2 Pack)",,,,,N11448,13
loving-joy-2-in-1-suction-vibrator,Title,"Loving Joy 2 in 1 Suction Vibrator",,,,,N11470,0
loving-joy-10-function-clitoral-suction-vibrator,Title,"Loving Joy 10 Function Clitoral Suction Vibrator",,,,,N11506,114
lubido-water-based-lubricant-30ml,Title,"Lubido Water Based Lubricant 30ml",,,,,N11545,0
fsog-ready-for-anything-aqua-lubricant-100ml,Title,"Fifty Shades of Grey Ready For Anything Aqua Lubricant 100ml",,,,,N9582,0
fifty-shades-of-grey-twitchy-palm-spanking-paddle,Title,"Fifty Shades of Grey Twitchy Palm Spanking Paddle",,,,,N9566,0.000000
fifty-shades-of-grey-relentless-vibrations-remote-control-egg,Title,"Fifty Shades of Grey Relentless Vibrations Remote Control Egg",,,,,N9697,0
bound-nubuck-leather-wrist-restraints,Title,"BOUND Nubuck Leather Wrist Restraints",,,,,N10094,23
impound-spiral-male-chastity-device,Title,"Impound Spiral Male Chastity Device",,,,,N10350,19
realistic-warming-6-5-inch-vibrating-dildo-with-balls-flesh,Title,"Realistic Warming 6.5 inch Vibrating Dildo with Balls Flesh",,,,,N11429,0
rev-lite-realistic-vagina-male-masturbator,Title,"Rev-Lite Realistic Vagina Male Masturbator",,,,,N11466,0
loving-joy-flirt-7-function-remote-controlled-wearable-clitoral-knicker-vibrator,Title,"Loving Joy Flirt 7 Function Remote-Controlled Wearable Clitoral Knicker Vibrator",,,,,N11526,0
rev-pump-trigger-penis-pump-8-5-inches,Title,"Rev-Pump Trigger Penis Pump 8.5 Inches",,,,,N11544,144
rev-sleeves-egg-shaped-masturbator-wavy,Title,"Rev-Sleeves Egg-Shaped Masturbator Wavy",,,,,N11551,0
rev-sleeves-egg-shaped-masturbator-spiral,Title,"Rev-Sleeves Egg-Shaped Masturbator Spiral",,,,,N11552,0
rev-sleeves-egg-shaped-masturbator-spur,Title,"Rev-Sleeves Egg-Shaped Masturbator Spur",,,,,N11553,0
loving-joy-ribbed-tip-small-silicone-butt-plug,Title,"Loving Joy Ribbed Tip Small Silicone Butt Plug",,,,,N11554,0
loving-joy-textured-small-silicone-butt-plug,Title,"Loving Joy Textured Small Silicone Butt Plug",,,,,N11555,0
loving-joy-sex-position-dice,Title,"Loving Joy Sex Position Dice",,,,,N11556,99
loving-joy-kegel-toner-balls-200g,Title,"Loving Joy Kegel Toner Balls 200g",,,,,N11557,0
loving-joy-beginners-bondage-kit-red-8-piece,Title,"Loving Joy Beginner's Bondage Kit Red (8 Piece)",,,,,N11588,26
loving-joy-beginners-bondage-kit-purple-8-piece,Title,"Loving Joy Beginner's Bondage Kit Purple (8 Piece)",,,,,N11589,0
loving-joy-10-function-clitoral-suction-vibrator-black,Title,"Loving Joy 10 Function Clitoral Suction Vibrator Black",,,,,N11610,159
rev-rings-silicone-cock-ring-42-mm,Title,"Rev-Rings Silicone Cock Ring 42 mm",,,,,N11614,1
rev-rings-silicone-cock-ring-50-mm,Title,"Rev-Rings Silicone Cock Ring 50 mm",,,,,N11615,20
rev-rings-penis-enhancement-sleeve,Title,"Rev-Rings Penis Enhancement Sleeve",,,,,N11616,17
rev-rings-double-vibrating-cock-ring,Title,"Rev-Rings Double Vibrating Cock Ring",,,,,N11617,50
rev-rings-vibrating-adjustable-cock-ring,Title,"Rev-Rings Vibrating Adjustable Cock Ring",,,,,N11618,0
rev-rings-stretchy-cock-ring,Title,"Rev-Rings Stretchy Cock Ring",,,,,N11619,0
rev-rings-5-function-vibrating-cock-ring,Title,"Rev-Rings 5 Function Vibrating Cock Ring",,,,,N11621,0
rev-rings-single-speed-vibrating-cock-ring,Title,"Rev-Rings Single Speed Vibrating Cock Ring",,,,,N11622,0
joyrings-silicone-double-cock-ring,Title,"JoyRings Silicone Double Cock Ring",,,,,N11447,0
loving-joy-7-function-silicone-mini-rabbit-bullet-vibrator,Title,"Loving Joy 7 Function Silicone Mini Rabbit Bullet Vibrator",,,,,N11450,0
rev-air-light-reusable-masturbation-cup,Title,"Rev-Air Light Reusable Masturbation Cup",,,,,N11463,13
rev-air-tight-reusable-masturbation-cup,Title,"Rev-Air Tight Reusable Masturbation Cup",,,,,N11464,33
rev-air-pro-reusable-masturbation-cup,Title,"Rev-Air Pro Reusable Masturbation Cup",,,,,N11465,0
loving-joy-4-5-inch-silicone-dildo,Title,"Loving Joy 4.5 Inch Silicone Dildo",,,,,N11473,48
loving-joy-beginners-pegging-strap-on-kit,Title,"Loving Joy Beginners Pegging Strap On Kit",,,,,N11474,0
loving-joy-6-inch-silicone-strap-on-dildo-kit,Title,"Loving Joy 6 Inch Silicone Strap On Dildo Kit",,,,,N11475,17
loving-joy-slimline-silicone-dildo-5-inch,Title,"Loving Joy Slimline Silicone Dildo 5 Inch",,,,,N11510,40
loving-joy-smooth-silicone-dildo-6-inch,Title,"Loving Joy Smooth Silicone Dildo 6 Inch",,,,,N11511,42
loving-joy-6-inch-silicone-dildo-with-suction-cup-midnight-blue,Title,"Loving Joy 6 Inch Silicone Dildo with Suction Cup Midnight Blue",,,,,N11536,24
loving-joy-6-inch-silicone-dildo-with-suction-cup-pink,Title,"Loving Joy 6 Inch Silicone Dildo with Suction Cup Pink",,,,,N11537,14
jessica-rabbit-plus-vibrator-purple,Title,"Jessica Rabbit Plus Vibrator Purple",,,,,N11538,0
jessica-rabbit-plus-vibrator-black,Title,"Jessica Rabbit Plus Vibrator Black",,,,,N11539,6
loving-joy-mini-g-spot-vibrator-purple,Title,"Loving Joy Mini G-Spot Vibrator Purple",,,,,N11540,0
jessica-rabbit-ultimate-g-spot-slim-vibrator,Title,"Jessica Rabbit Ultimate G-Spot Slim Vibrator",,,,,N11541,0
jessica-rabbit-g-spot-slim-vibrator-purple,Title,"Jessica Rabbit G-Spot Slim Vibrator Purple",,,,,N11542,0
loving-joy-2-in-1-suction-vibrator-lavender,Title,"Loving Joy 2 in 1 Suction Vibrator Lavender",,,,,N11543,0
happy-rabbit-slimline-realistic-rabbit-vibrator,Title,"Happy Rabbit Slimline Realistic Rabbit Vibrator",,,,,N11550,0
fifty-shades-of-grey-greedy-girl-stroking-motion-g-spot-vibrator-2,Title,"Fifty Shades of Grey Greedy Girl Stroking Motion G-Spot Vibrator",,,,,N11558,0.000000
fifty-shades-of-grey-greedy-girl-power-thrust-motion-g-spot-vibrator-2,Title,"Fifty Shades of Grey Greedy Girl Power Thrust Motion G-Spot Vibrator",,,,,N11561,0
fifty-shades-of-grey-greedy-girl-dual-density-g-spot-rabbit-vibrator-2,Title,"Fifty Shades of Grey Greedy Girl Dual Density G-Spot Rabbit Vibrator",,,,,N11562,0
fifty-shades-of-grey-bound-to-you-blindfold-2,Title,"Fifty Shades of Grey Bound to You Blindfold",,,,,N11566,0
fifty-shades-of-grey-bound-to-you-ball-gag-2,Title,"Fifty Shades of Grey Bound to You Ball Gag",,,,,N11567,0
fifty-shades-of-grey-bound-to-you-wrist-cuffs-2,Title,"Fifty Shades of Grey Bound to You Wrist Cuffs",,,,,N11568,0
fifty-shades-of-grey-bound-to-you-ankle-cuffs-2,Title,"Fifty Shades of Grey Bound to You Ankle Cuffs",,,,,N11569,0
fifty-shades-of-grey-bound-to-you-hog-tie-2,Title,"Fifty Shades of Grey Bound to You Hog Tie",,,,,N11570,0
fifty-shades-of-grey-bound-to-you-spreader-bar-2,Title,"Fifty Shades of Grey Bound to You Spreader Bar",,,,,N11571,0
fifty-shades-of-grey-bound-to-you-small-flogger-2,Title,"Fifty Shades of Grey Bound to You Small Flogger",,,,,N11572,0
fifty-shades-of-grey-bound-to-you-flogger-2,Title,"Fifty Shades of Grey Bound to You Flogger",,,,,N11573,0
fifty-shades-of-grey-bound-to-you-small-paddle-2,Title,"Fifty Shades of Grey Bound to You Small Paddle",,,,,N11574,0
fifty-shades-of-grey-bound-to-you-paddle-2,Title,"Fifty Shades of Grey Bound to You Paddle",,,,,N11575,0
fifty-shades-of-grey-bound-to-you-riding-crop-2,Title,"Fifty Shades of Grey Bound to You Riding Crop",,,,,N11576,0
loving-joy-10-function-clitoral-suction-vibrator-pink,Title,"Loving Joy 10 Function Clitoral Suction Vibrator Pink",,,,,N11559,75
doc-johnson-goodhead-to-go-deep-throat-spray-wild-cherry,Title,"Doc Johnson GoodHead To-Go - Deep Throat Spray - Wild Cherry",,,,,N10485,0
fifty-shades-of-grey-feel-it-baby-g-spot-dildo,Title,"Fifty Shades of Grey Feel it Baby G-Spot Dildo",,,,,N11672,0
love-hamma-the-ultimate-vibrator-curved-black,Title,"Love Hamma The Ultimate Vibrator Curved Black",,,,,N11678,0
love-hamma-the-ultimate-vibrator-pleasure-pouch-black,Title,"Love Hamma The Ultimate Vibrator Pleasure Pouch Black",,,,,N11679,0
loving-joy-8-inch-hollow-strap-on-vanilla,Title,"Loving Joy 8 Inch Hollow Strap On",,,,,N11680,0
loving-joy-8-inch-vibrating-hollow-strap-on-vanilla,Title,"Loving Joy 8 Inch Vibrating Hollow Strap On",,,,,N11682,0
loving-joy-9-inch-hollow-strap-on-black-2,Title,"Loving Joy 9 Inch Hollow Strap On",,,,,N11681,59
sliquid-balance-massage-oil-4-2oz-rejuvenation,Title,"Sliquid Balance Massage Oil 4.2oz Rejuvenation",,,,,NS6492,0
sliquid-naturals-swirl-flavoured-lubricants-pina-colada,Title,"Sliquid Naturals Swirl Flavoured Lubricants Pina Colada 125ml",,,,,NS6475,0
loving-joy-thick-silicone-cock-rings-3-pack-grey,Title,"Loving Joy Thick Silicone Cock Rings 3 Pack Grey",,,,,N11708,0
bound-to-please-feather-tickler-black,Title,"Bound to Please Feather Tickler Black",,,,,N11709,37
bound-to-please-feather-tickler-red,Title,"Bound to Please Feather Tickler Red",,,,,N11710,244
bound-to-please-feather-tickler-purple,Title,"Bound to Please Feather Tickler Purple",,,,,N11711,10
loving-joy-furry-handcuffs-red,Title,"Loving Joy Furry Handcuffs Red",,,,,N11712,99
loving-joy-furry-handcuffs-pink,Title,"Loving Joy Furry Handcuffs Pink",,,,,N11713,83
loving-joy-furry-handcuffs-black,Title,"Loving Joy Furry Handcuffs Black",,,,,N11714,197
bound-to-please-silky-bondage-rope-10m-red,Title,"Bound to Please Silky Bondage Rope 10m Red",,,,,N11715,26
bound-to-please-silky-bondage-rope-10m-black,Title,"Bound to Please Silky Bondage Rope 10m Black",,,,,N11716,99
loving-joy-elastic-harness,Title,"Loving Joy Elastic Harness",,,,,N11717,130
loving-joy-10-function-rechargeable-bullet-vibrator-silver,Title,"Loving Joy 10 Function Rechargeable Bullet Vibrator Silver",,,,,N11765,26
loving-joy-10-function-rechargeable-bullet-vibrator-black,Title,"Loving Joy 10 Function Rechargeable Bullet Vibrator Black",,,,,N11766,7
loving-joy-10-function-vibrating-anal-beads,Title,"Loving Joy 10 Function Vibrating Anal Beads",,,,,N11776,24
rev-pro-remote-controlled-silicone-prostate-massager,Title,"Rev-Pro Remote Controlled Silicone Prostate Massager",,,,,N11785,10
loving-joy-vibrating-butt-plug,Title,"Loving Joy Vibrating Butt Plug",,,,,N11798,0
rev-pro-vibrating-prostate-massager,Title,"Rev-Pro Vibrating Prostate Massager",,,,,N11799,69
rev-pro-vibrating-prostate-massager-with-cock-ring,Title,"Rev-Pro Vibrating Prostate Massager with Cock Ring",,,,,N11800,12
rev-pro-vibrating-prostate-massager-with-perineum-stimulator,Title,"Rev-Pro Vibrating Prostate Massager with Perineum Stimulator",,,,,N11801,18
rev-pro-classic-prostate-massager,Title,"Rev-Pro Classic Prostate Massager",,,,,N11777,42
loving-joy-silicone-anal-plug-large,Title,"Loving Joy Silicone Anal Plug Large",,,,,N11778,14
loving-joy-silicone-anal-plug-medium,Title,"Loving Joy Silicone Anal Plug Medium",,,,,N11779,22
loving-joy-silicone-anal-plug-small,Title,"Loving Joy Silicone Anal Plug Small",,,,,N11780,184
loving-joy-real-feel-neutral-male-masturbator,Title,"Loving Joy Real Feel Neutral Male Masturbator",,,,,N11781,0
loving-joy-real-feel-anal-male-masturbator,Title,"Loving Joy Real Feel Anal Male Masturbator",,,,,N11782,23
loving-joy-real-feel-pussy-male-masturbator,Title,"Loving Joy Real Feel Pussy Male Masturbator",,,,,N11783,0
rev-pump-bulb-penis-pump-8-5-inches,Title,"Rev-Pump Bulb Penis Pump 8.5 Inches",,,,,N11821,98
loving-joy-halo-remote-controlled-couples-cock-ring,Title,"Loving Joy Halo Remote Controlled Couples Cock Ring",,,,,N11823,0
loving-joy-viva-20-function-magic-wand-vibrator,Title,"Loving Joy VIVA 20 Function Magic Wand Vibrator",,,,,N11822,0
fklore-alien-dildo,Title,"F**kLore Alien Dildo",,,,,N11767,2
fklore-dragon-dildo,Title,"F**kLore Dragon Dildo",,,,,N11768,0
fklore-dragon-egg-textured-butt-plug,Title,"F**kLore Dragon Egg Textured Butt Plug",,,,,N11769,0
fklore-pegasus-horse-dildo,Title,"F**kLore Pegasus Horse Dildo",,,,,N11770,0
fklore-thick-dwarf-dildo,Title,"F**kLore Thick Dwarf Dildo",,,,,N11771,2
fklore-elf-dildo,Title,"F**kLore Elf Dildo",,,,,N11772,0
fklore-tentacle-dildo,Title,"F**kLore Tentacle Dildo",,,,,N11773,1
fklore-unicorn-horn-dildo,Title,"F**kLore Unicorn Horn Dildo",,,,,N11774,7
sliquid-naturals-swirl-flavoured-lubricants-green-apple-125ml,Title,"Sliquid Naturals Swirl Flavoured Lubricants Green Apple 125ml",,,,,NS6476,0
rev-pump-gauge-pistol-grip-penis-pump,Title,"Rev-Pump Gauge Pistol Grip Penis Pump",,,,,N11884,0
rev-pump-automatic-penis-pump,Title,"Rev-Pump Automatic Penis Pump",,,,,N11885,26
rev-sleeves-textured-penis-sleeve-with-ball-loop,Title,"Rev-Sleeves Textured Penis Sleeve with Ball Loop",,,,,N11853,45
rev-sleeves-ribbed-penis-sleeve-with-ball-loop,Title,"Rev-Sleeves Ribbed Penis Sleeve with Ball Loop",,,,,N11854,0
rev-sleeves-textured-stroker,Title,"Rev-Sleeves Textured Stroker",,,,,N11855,1
loving-joy-butt-plug-black,Title,"Loving Joy Butt Plug Black",,,,,N11856,0
loving-joy-butt-plug-purple,Title,"Loving Joy Butt Plug Purple",,,,,N11857,107
loving-joy-butt-plug-training-kit-purple,Title,"Loving Joy Butt Plug Training Kit Purple",,,,,N11858,0
loving-joy-pussy-pump,Title,"Loving Joy Pussy Pump",,,,,N11878,35
loving-joy-rose-licking-clitoral-vibrator,Title,"Loving Joy Rose Licking Clitoral Vibrator",,,,,N11948,0
loving-joy-remote-controlled-vibrating-egg,Title,"Loving Joy Remote Controlled Vibrating Egg",,,,,N12024,90
loving-joy-remote-controlled-vibrating-kegel-balls,Title,"Loving Joy Remote Controlled Vibrating Kegel Balls",,,,,N12023,19
loving-joy-remote-controlled-love-egg-vibrator,Title,"Loving Joy Remote Controlled Love Egg Vibrator",,,,,N12022,69
loving-joy-7-inch-realistic-silicone-dildo-with-suction-cup-and-balls-black,Title,"Loving Joy 7 Inch Realistic Silicone Dildo with Suction Cup and Balls Black",,,,,N12029,50
loving-joy-7-inch-realistic-silicone-dildo-with-suction-cup-and-balls-pink,Title,"Loving Joy 7 Inch Realistic Silicone Dildo with Suction Cup and Balls Pink",,,,,N12027,19
loving-joy-7-inch-realistic-silicone-dildo-with-suction-cup-and-balls-purple,Title,"Loving Joy 7 Inch Realistic Silicone Dildo with Suction Cup and Balls Purple",,,,,N12028,0
loving-joy-7-inch-realistic-silicone-dildo-with-suction-cup-and-balls-vanilla,Title,"Loving Joy 7 Inch Realistic Silicone Dildo with Suction Cup and Balls Vanilla",,,,,N12026,5
loving-joy-8-inch-realistic-silicone-dildo-with-suction-cup-and-balls-black,Title,"Loving Joy 8 Inch Realistic Silicone Dildo with Suction Cup and Balls Black",,,,,N12033,18
loving-joy-8-inch-realistic-silicone-dildo-with-suction-cup-and-balls-pink,Title,"Loving Joy 8 Inch Realistic Silicone Dildo with Suction Cup and Balls Pink",,,,,N12031,2
loving-joy-8-inch-realistic-silicone-dildo-with-suction-cup-and-balls-purple,Title,"Loving Joy 8 Inch Realistic Silicone Dildo with Suction Cup and Balls Purple",,,,,N12032,17
loving-joy-8-inch-realistic-silicone-dildo-with-suction-cup-and-balls-vanilla,Title,"Loving Joy 8 Inch Realistic Silicone Dildo with Suction Cup and Balls Vanilla",,,,,N12030,0
loving-joy-9-inch-realistic-silicone-dildo-with-suction-cup-and-balls-black,Title,"Loving Joy 9 Inch Realistic Silicone Dildo with Suction Cup and Balls Black",,,,,N12035,20
loving-joy-rose-toy-clitoral-suction-vibrator,Title,"Loving Joy Rose Toy Clitoral Suction Vibrator",,,,,N11903,0
loving-joy-12-inch-double-dildo-purple,Title,"Loving Joy 12 Inch Double Dildo Purple",,,,,N11950,15
loving-joy-double-mini-dildo-pink,Title,"Loving Joy Double Mini Dildo Pink",,,,,N11951,71
loving-joy-double-mini-dildo-purple,Title,"Loving Joy Double Mini Dildo Purple",,,,,N11952,16
loving-joy-12-inch-double-dildo-pink,Title,"Loving Joy 12 Inch Double Dildo Pink",,,,,N11949,16
sliquid-sparkle-h20-waterbased-lubricant-125ml,Title,"Sliquid Sparkle H20 Waterbased Lubricant-125ml",,,,,N11943,0
sliquid-sparkle-h20-waterbased-lubricant-59ml,Title,"Sliquid Sparkle H20 Waterbased Lubricant-59ml",,,,,N11944,0
loving-joy-20-function-wand-vibrator-purple,Title,"Loving Joy 20 Function Wand Vibrator Purple",,,,,N11930,0
loving-joy-9-inch-realistic-silicone-dildo-with-suction-cup-and-balls-vanilla,Title,"Loving Joy 9 Inch Realistic Silicone Dildo with Suction Cup and Balls Vanilla",,,,,N12034,22
loving-joy-5-inch-beginners-dildo-purple,Title,"Loving Joy 5 Inch Beginners Dildo Purple",,,,,N11937,17
loving-joy-5-inch-beginners-dildo-pink,Title,"Loving Joy 5 Inch Beginners Dildo Pink",,,,,N11938,45
loving-joy-expanding-butt-plug,Title,"Loving Joy Expanding Butt Plug",,,,,N11929,22
bound-to-please-furry-plush-wrist-cuffs-black,Title,"Bound to Please Furry Plush Wrist Cuffs Black",,,,,N11932,111
bound-to-please-furry-plush-wrist-cuffs-red,Title,"Bound to Please Furry Plush Wrist Cuffs Red",,,,,N11933,64
bound-to-please-furry-collar-with-leash-black,Title,"Bound to Please Furry Collar with Leash Black",,,,,N11934,75
bound-to-please-furry-collar-with-leash-red,Title,"Bound to Please Furry Collar with Leash Red",,,,,N11935,49
bound-to-please-slut-spanking-paddle-black,Title,"Bound to Please SLUT Spanking Paddle Black",,,,,N11936,11
bound-to-please-silicone-spanking-paddle-grey,Title,"Bound to Please Silicone Spanking Paddle Grey",,,,,N11852,18
loving-joy-2-in-1-suction-vibrator-polka-dot,Title,"Loving Joy 2 in 1 Suction Vibrator Polka Dot",,,,,N11641,0
loving-joy-2-in-1-suction-vibrator-jumbo-dot,Title,"Loving Joy 2 in 1 Suction Vibrator Jumbo Dot",,,,,N11642,0
btb-silicone-lubricant-100ml,Title,"BTB Silicone Lubricant 100ml",,,,,N12010,0
btb-water-based-lubricant-strawberry-100ml,Title,"BTB Water Based Lubricant Strawberry 100ml",,,,,N12006,0
btb-fisting-gel-lubricant-100ml,Title,"BTB Fisting Gel Lubricant 100ml",,,,,N12017,0
btb-water-based-lubricant-chocolate-100ml,Title,"BTB Water Based Lubricant Chocolate 100ml",,,,,N12008,0
btb-water-based-lubricant-red-fruits-100ml,Title,"BTB Water Based Lubricant Red Fruits 100ml",,,,,N12007,0
btb-water-based-warm-feeling-lubricant-250ml,Title,"BTB Water Based Warm Feeling Lubricant 250ml",,,,,N12003,0
btb-water-based-cool-feeling-lubricant-100ml,Title,"BTB Water Based Cool Feeling Lubricant 100ml",,,,,N12004,0
btb-water-based-lubricant-mango-100ml,Title,"BTB Water Based Lubricant Mango 100ml",,,,,N12009,0
btb-water-based-tingling-effect-lubricant-100ml,Title,"BTB Water Based Tingling Effect Lubricant 100ml",,,,,N12013,0
btb-orgasmic-gel-100ml,Title,"BTB Orgasmic Gel 100ml",,,,,N12019,0
btb-cum-lubricant-100ml,Title,"BTB Cum Lubricant 100ml",,,,,N12015,0
btb-cum-lubricant-250ml,Title,"BTB Cum Lubricant 250ml",,,,,N12016,0
btb-masturbation-cream-100ml,Title,"BTB Masturbation Cream 100ml",,,,,N12160,0
loving-joy-slide-water-based-lubricant-100ml,Title,"Loving Joy Slide Water Based Aloe Infused Lubricant 100ml",,,,,N12151,0
loving-joy-anal-lubricant-100ml,Title,"Loving Joy Aloe Infused Anal Lubricant 100ml",,,,,N12152,0
loving-joy-silky-lubricant-100ml,Title,"Loving Joy Silky Lubricant 100ml",,,,,N12153,48
loving-joy-20-function-wand-vibrator-black,Title,"Loving Joy 20 Function Wand Vibrator Black",,,,,N12165,0
loving-joy-duet-remote-control-couples-vibrator,Title,"Loving Joy Duet Remote Control Couples Vibrator",,,,,N12198,0
loving-joy-fuze-remote-control-couples-vibrator,Title,"Loving Joy Fuze Remote Control Couples Vibrator",,,,,N12199,0
bound-to-play-eye-mask-and-feather-tickler-play-kit,Title,"Bound to Play. Eye Mask and Feather Tickler Play Kit",,,,,N12171,18
bound-to-play-hot-wax-candle-red,Title,"Bound to Play. Hot Wax Candle Red",,,,,N12144,95
bound-to-play-hot-wax-candle-black,Title,"Bound to Play. Hot Wax Candle Black",,,,,N12143,97
bound-to-play-hot-wax-candles-3-pack,Title,"Bound to Play. Hot Wax Candles (3 Pack)",,,,,N12142,95
bound-to-play-beginners-blindfold,Title,"Bound to Play. Beginners Blindfold",,,,,N12141,0
bound-to-play-feather-teaser,Title,"Bound to Play. Feather Teaser",,,,,N12140,8
bound-to-play-heavy-duty-metal-handcuffs,Title,"Bound to Play. Heavy Duty Metal Handcuffs",,,,,N12139,95
bound-to-play-heavy-duty-furry-handcuffs-pink,Title,"Bound to Play. Heavy Duty Furry Handcuffs Pink",,,,,N12138,69
bound-to-play-heavy-duty-furry-handcuffs-red,Title,"Bound to Play. Heavy Duty Furry Handcuffs Red",,,,,N11851,50
bound-to-play-heavy-duty-furry-handcuffs-black,Title,"Bound to Play. Heavy Duty Furry Handcuffs Black",,,,,N11850,123
loving-joy-6-inch-dildo-with-balls-clear,Title,"Loving Joy 6 Inch Dildo with Balls Clear",,,,,N12201,0
loving-joy-18-inch-double-ended-dildo-clear,Title,"Loving Joy 18 Inch Double Ended Dildo Clear",,,,,N12191,14
loving-joy-15-inch-double-ended-dildo-clear,Title,"Loving Joy 15 Inch Double Ended Dildo Clear",,,,,N12190,5
loving-joy-11-inch-dildo-with-balls-clear,Title,"Loving Joy 11 Inch Dildo with Balls Clear",,,,,N12189,2
loving-joy-9-inch-dildo-with-balls-clear,Title,"Loving Joy 9 Inch Dildo with Balls Clear",,,,,N12188,31
loving-joy-8-inch-dildo-with-balls-clear,Title,"Loving Joy 8 Inch Dildo with Balls Clear",,,,,N12187,36
loving-joy-7-inch-dildo-with-balls-clear,Title,"Loving Joy 7 Inch Dildo with Balls Clear",,,,,N12186,0
loving-joy-9-5-inch-suction-cup-dildo-clear,Title,"Loving Joy 9.5 Inch Suction Cup Dildo Clear",,,,,N12185,0
loving-joy-8-5-inch-suction-cup-dildo-clear,Title,"Loving Joy 8.5 Inch Suction Cup Dildo Clear",,,,,N12184,0
loving-joy-7-5-inch-suction-cup-dildo-clear,Title,"Loving Joy 7.5 Inch Suction Cup Dildo Clear",,,,,N12183,43
bound-leather-wrist-restraints,Title,"BOUND Leather Wrist Restraints",,,,,N12265,4
bound-leather-ankle-restraints,Title,"BOUND Leather Ankle Restraints",,,,,N12266,7
bound-leather-collar,Title,"BOUND Leather Collar",,,,,N12267,1
bound-leather-flogger,Title,"BOUND Leather Flogger",,,,,N12268,12
bound-leather-4-way-hog-tie,Title,"BOUND Leather 4 Way Hog Tie",,,,,N12269,3
bound-leather-paddle,Title,"BOUND Leather Paddle",,,,,N12270,2
bound-leather-solid-ball-gag,Title,"BOUND Leather Solid Ball Gag",,,,,N12271,6
bound-leather-leash,Title,"BOUND Leather Leash",,,,,N12272,0
loving-joy-rose-toy-clitoral-suction-vibrator-purple,Title,"Loving Joy Rose Toy Clitoral Suction Vibrator Purple",,,,,N12244,77
loving-joy-rose-licking-clitoral-vibrator-purple,Title,"Loving Joy Rose Licking Clitoral Vibrator Purple",,,,,N12245,0
loving-joy-kylie-vibrating-pussy-and-ass-male-masturbator,Title,"Loving Joy Kylie Vibrating Pussy and Ass Male Masturbator",,,,,N12158,137
loving-joy-ava-doggy-style-vibrating-male-masturbator,Title,"Loving Joy Ava Doggy Style Vibrating Male Masturbator",,,,,N12159,0
loving-joy-silicone-triple-cock-ring,Title,"Loving Joy Silicone Triple Cock Ring",,,,,N12192,44
loving-joy-silicone-vibrating-rabbit-cock-ring,Title,"Loving Joy Silicone Vibrating Rabbit Cock Ring",,,,,N12193,28
loving-joy-silicone-vibrating-textured-cock-ring,Title,"Loving Joy Silicone Vibrating Textured Cock Ring",,,,,N12194,147
loving-joy-silicone-vibrating-cock-and-ball-ring,Title,"Loving Joy Silicone Vibrating Cock and Ball Ring",,,,,N12195,36
loving-joy-dixie-vibrating-male-masturbator,Title,"Loving Joy Dixie Vibrating Male Masturbator",,,,,N12157,96
bound-to-please-dog-mask,Title,"Bound to Please Dog Mask",,,,,N12240,39
bound-to-please-executioner-hood,Title,"Bound to Please Executioner Hood",,,,,N12241,59
bound-to-please-open-eyed-hood,Title,"Bound to Please Open Eyed Hood",,,,,N12242,79
bound-to-please-blackout-hood,Title,"Bound to Please Blackout Hood",,,,,N12243,101
nauti-petites-10-speed-wand-vibrator,Title,"Nauti Petites 10 Speed Wand Vibrator",,,,,N12249,120
nauti-petites-10-speed-g-spot-vibrator,Title,"Nauti Petites 10 Speed G-Spot Vibrator",,,,,N12250,35
nauti-petites-10-speed-bullet-vibrator,Title,"Nauti Petites 10 Speed Bullet Vibrator",,,,,N12251,10
nauti-petites-10-speed-rabbit-ears-bullet-vibrator,Title,"Nauti Petites 10 Speed Rabbit Ears Bullet Vibrator",,,,,N12252,86
loving-joy-skye-realistic-male-masturbator,Title,"Loving Joy Skye Realistic Male Masturbator",,,,,N12156,21
loving-joy-20-function-wand-vibrator-pink,Title,"Loving Joy 20 Function Wand Vibrator Pink",,,,,N12264,0
loving-joy-6-inch-suction-cup-dildo-pink,Title,"Loving Joy 6 Inch Suction Cup Dildo Pink",,,,,N12302,40
loving-joy-6-inch-suction-cup-dildo-purple,Title,"Loving Joy 6 Inch Suction Cup Dildo Purple",,,,,N12303,0
loving-joy-6-inch-suction-cup-dildo-clear,Title,"Loving Joy 6 Inch Suction Cup Dildo Clear",,,,,N12304,0
loving-joy-7-5-inch-suction-cup-dildo-pink,Title,"Loving Joy 7.5 Inch Suction Cup Dildo Pink",,,,,N12305,3
loving-joy-7-5-inch-suction-cup-dildo-purple,Title,"Loving Joy 7.5 Inch Suction Cup Dildo Purple",,,,,N12306,46
loving-joy-6-inch-dildo-with-balls-pink,Title,"Loving Joy 6 Inch Dildo with Balls Pink",,,,,N12307,0
loving-joy-6-inch-dildo-with-balls-purple,Title,"Loving Joy 6 Inch Dildo with Balls Purple",,,,,N12308,0
loving-joy-8-inch-dildo-with-balls-pink,Title,"Loving Joy 8 Inch Dildo with Balls Pink",,,,,N12309,47
loving-joy-8-inch-dildo-with-balls-purple,Title,"Loving Joy 8 Inch Dildo with Balls Purple",,,,,N12310,22
loving-joy-7-inch-dildo-with-balls-pink,Title,"Loving Joy 7 Inch Dildo with Balls Pink",,,,,N12311,0
loving-joy-7-inch-dildo-with-balls-purple,Title,"Loving Joy 7 Inch Dildo with Balls Purple",,,,,N12312,0
loving-joy-double-fun-vibrating-rabbit-double-penetration-strap-on,Title,"Loving Joy Double Fun Vibrating Rabbit Double Penetration Strap-On",,,,,N12314,9
loving-joy-double-penetration-strap-on-vibrator,Title,"Loving Joy Double Penetration Strap On Vibrator",,,,,N12315,5
loving-joy-textured-cock-ring-set-6-pack,Title,"Loving Joy Textured Cock Ring Set (6 Pack)",,,,,N12316,18
bound-to-play-bondage-kit-purple-11-piece,Title,"Bound to Play Bondage Kit Purple (11 Piece)",,,,,N12279,119
bound-to-play-beginners-bondage-kit-black-8-piece,Title,"Bound to Play Beginner's Bondage Kit Black (8 Piece)",,,,,N12280,20
bound-to-play-beginners-bondage-kit-pink-8-piece,Title,"Bound to Play Beginner's Bondage Kit Pink (8 Piece)",,,,,N12281,17
bound-to-please-adjustable-nipple-clamps-chain,Title,"Bound to Please Adjustable Nipple Clamps & Chain",,,,,N9382,0
bound-to-play-kitty-cat-face-mask-black,Title,"Bound to Play Kitty Cat Face Mask Black",,,,,N12283,0
bound-to-play-kitty-cat-face-mask-red,Title,"Bound to Play Kitty Cat Face Mask Red",,,,,N12284,31
bound-to-play-kitty-cat-face-mask-pink,Title,"Bound to Play Kitty Cat Face Mask Pink",,,,,N12285,34
rev-thrusting-male-masturbator,Title,"REV Thrusting Male Masturbator",,,,,N12277,3
rev-thrusting-and-vibrating-male-masturbator,Title,"REV Thrusting and Vibrating Open Ended Male Masturbator",,,,,N12278,68
lelo-dot-clitoral-vibrator-aqua,Title,"LELO DOT Clitoral Vibrator Aqua",,,,,N11982,11
lelo-gigi-2-rechargeable-g-spot-vibrator-pink,Title,"LELO Gigi 2 Rechargeable G-Spot Vibrator-Pink",,,,,NS6297,0
lelo-ida-wave-black,Title,"LELO Ida Wave Black",,,,,N11981,1
lelo-lyla-2-cerise-remote-control-egg,Title,"LELO Lyla 2 Cerise Remote Control Egg",,,,,N8513,0
lelo-smart-wand-2-medium-deep-rose,Title,"LELO Smart Wand 2 Medium Deep Rose",,,,,N11979,8
lelo-sona-2-travel-clitoral-massager-purple,Title,"LELO Sona 2 Travel Clitoral Massager Purple",,,,,N12344,0
lelo-soraya-anal-beads-violet-dusk,Title,"LELO Soraya Anal Beads Violet Dusk",,,,,N12342,17
lelo-soraya-wave-dual-action-vibrator-black,Title,"Lelo Soraya Wave Dual Action Vibrator Black",,,,,N11613,2
bouncy-bliss-sit-on-vibrator,Title,"Bouncy Bliss Sit-On Vibrator",,,,,N12379,0
loving-joy-7-inch-realistic-vibrator-black,Title,"Loving Joy 7 inch Realistic Vibrator Black",,,,,N12398,55
loving-joy-7-inch-realistic-vibrator-vanilla,Title,"Loving Joy 7 inch Realistic Vibrator Vanilla",,,,,N12399,20
loving-joy-8-inch-realistic-vibrator-brown,Title,"Loving Joy 8 inch Realistic Vibrator Brown",,,,,N12400,0
loving-joy-7-inch-realistic-vibrator-glow-in-the-dark,Title,"Loving Joy 7 inch Realistic Vibrator Glow in the Dark",,,,,N12401,5
loving-joy-7-inch-realistic-vibrator-purple,Title,"Loving Joy 7 inch Realistic Vibrator Purple",,,,,N12402,40
loving-joy-9-5-inch-realistic-vibrator-vanilla,Title,"Loving Joy 9.5 inch Realistic Vibrator Vanilla",,,,,N12403,26
sliquid-shine-organic-toy-cleaner-255ml,Title,"Sliquid Shine Organic Toy Cleaner 255ml",,,,,N12480,27
sliquid-organics-silk-hybrid-lubricant-125ml,Title,"Sliquid Organics Silk Hybrid Lubricant-125ml",,,,,NS6484,22
lelo-hugo-2-remote-controlled-prostate-massager-black,Title,"LELO Hugo 2 Remote Controlled Prostate Massager Black",,,,,N12483,2
lelo-nea-3-clitoral-massager-black,Title,"LELO Nea 3 Clitoral Massager Black",,,,,N12484,6
nauti-silicone-ribbed-vibrator,Title,"Nauti Silicone Ribbed Vibrator",,,,,N12253,0
nauti-silicone-g-spot-vibrator,Title,"Nauti Silicone G-Spot Vibrator",,,,,N12254,0
nauti-silicone-rabbit-vibrator,Title,"Nauti Silicone Rabbit Vibrator",,,,,N12255,0
nauti-silicone-wand-vibrator,Title,"Nauti Silicone Wand Vibrator",,,,,N12256,0
nauti-silicone-bullet-vibrator,Title,"Nauti Silicone Bullet Vibrator",,,,,N12257,0
nauti-petites-10-function-clitoral-stimulator,Title,"Nauti Petites 10 Function Clitoral Stimulator",,,,,N12378,106
lelo-tiani-3-couples-massager-cerise,Title,"LELO Tiani 3 Couples Massager Cerise",,,,,N12508,2
loving-joy-strawberry-flavoured-lubricant-30ml,Title,"Loving Joy Strawberry Flavoured Lubricant 30ml",,,,,N12435,0
loving-joy-mango-flavoured-lubricant-30ml,Title,"Loving Joy Mango Flavoured Lubricant 30ml",,,,,N12436,0
loving-joy-peach-flavoured-lubricant-30ml,Title,"Loving Joy Peach Flavoured Lubricant 30ml",,,,,N12437,0
loving-joy-tingling-lubricant-30ml,Title,"Loving Joy Tingling Lubricant 30ml",,,,,N12439,0
loving-joy-silicone-lubricant-30ml,Title,"Loving Joy Silicone Lubricant 30ml",,,,,N12462,7
loving-joy-butt-plug-training-kit-black,Title,"Loving Joy Butt Plug Training Kit Black",,,,,N12173,182
rev-pro-10-function-remote-controlled-prostate-massager,Title,"Rev-Pro 10 Function Remote Controlled Prostate Massager",,,,,N12497,11
jessica-rabbit-semi-realistic-rabbit-vibrator,Title,"Jessica Rabbit Semi-Realistic Rabbit Vibrator",,,,,N12318,40
jessica-rabbit-slimline-rabbit-vibrator,Title,"Jessica Rabbit Slimline Rabbit Vibrator",,,,,N12319,18
jessica-rabbit-g-spot-rabbit-vibrator,Title,"Jessica Rabbit G-Spot Rabbit Vibrator",,,,,N12320,0
jessica-rabbit-textured-rabbit-vibrator,Title,"Jessica Rabbit Textured Rabbit Vibrator",,,,,N12321,62
loving-joy-rechargeable-magic-wand-vibrator-black,Title,"Loving Joy Rechargeable Magic Wand Vibrator Black",,,,,N12458,0
loving-joy-rechargeable-magic-wand-vibrator-white,Title,"Loving Joy Rechargeable Magic Wand Vibrator White",,,,,N12459,0
loving-joy-rechargeable-magic-wand-vibrator-purple,Title,"Loving Joy Rechargeable Magic Wand Vibrator Purple",,,,,N12460,0
rev-lite-realistic-vagina-male-masturbator-2,Title,"Rev-Lite Realistic Vagina Male Masturbator",,,,,N12463,41
loving-joy-slide-water-based-lubricant-500ml,Title,"Loving Joy Slide Water-Based Lubricant 500ml",,,,,N12509,139
loving-joy-strawberry-massage-gel-250ml,Title,"Loving Joy Strawberry Massage Gel 250ml",,,,,N12516,0
loving-joy-vanilla-massage-gel-250ml,Title,"Loving Joy Vanilla Massage Gel 250ml",,,,,N12517,0
loving-joy-cherry-massage-gel-250ml,Title,"Loving Joy Cherry Massage Gel 250ml",,,,,N12518,0
mina-surge-remote-thrusting-vibrating-strapless-strap-on,Title,"Mina Surge Remote Thrusting & Vibrating Strapless Strap On",,,,,N12530,40
mina-echo-remote-vibrating-strapless-strap-on,Title,"Mina Echo Remote Vibrating Strapless Strap On",,,,,N12531,35
mina-minty-silicone-dildo,Title,"Mina Minty Silicone Dildo",,,,,N12538,16
mina-starlight-silicone-dildo,Title,"Mina Starlight Silicone Dildo",,,,,N12536,15
mina-taro-silicone-dildo,Title,"Mina Taro Silicone Dildo",,,,,N12537,17
mina-thrill-g-spot-rabbit-vibrator,Title,"Mina Thrill G-Spot Rabbit Vibrator",,,,,N12559,103
mina-hail-come-hither-rabbit-vibrator,Title,"Mina Hail Come Hither Rabbit Vibrator",,,,,N12562,35
mina-ripple-vibrating-rotating-rabbit-vibrator,Title,"Mina Ripple Vibrating & Rotating Rabbit Vibrator",,,,,N12561,37
mina-tide-thrusting-rabbit-vibrator,Title,"Mina Tide Thrusting Rabbit Vibrator",,,,,N12560,95
loving-joy-chocolate-flavoured-lubricant-30ml,Title,"Loving Joy Chocolate Flavoured Lubricant 30ml",,,,,N12438,0
loving-joy-cleanse-sex-toy-cleaner-100ml,Title,"Loving Joy Cleanse Sex Toy Cleaner 100ml",,,,,N12510,0
bouncy-bliss-classic-sit-on-vibrator-with-rechargeable-remote-control,Title,"Bouncy Bliss Classic Sit-On Vibrator with Rechargeable Remote Control",,,,,N12745,2
tabooboo-between-you-and-me-vibrating-love-ring,Title,"Tabooboo Between You and Me Vibrating Love Ring",,,,,N12425,149
tabooboo-take-me-back-to-bed-remote-love-egg,Title,"Tabooboo Take Me Back To Bed Remote Love Egg",,,,,N12426,63
tabooboo-the-lunch-break-bullet-vibrator,Title,"Tabooboo The Lunch Break Bullet Vibrator",,,,,N12427,149
tabooboo-under-the-sheets-wand-vibrator,Title,"Tabooboo Under The Sheets Wand Vibrator",,,,,N12428,62
bound-to-play-breathable-ball-gag-black,Title,"Bound to Play Breathable Ball Gag Black",,,,,N12447,188
bound-to-play-breathable-ball-gag-red,Title,"Bound to Play Breathable Ball Gag Red",,,,,N12448,10
bound-to-play-silicone-ball-gag,Title,"Bound to Play Silicone Ball Gag",,,,,N12449,0
bound-to-play-silicone-nipple-suckers,Title,"Bound to Play Silicone Nipple Suckers",,,,,N12455,2
butt-plug-ice-cube-tray,Title,"Butt Plug Ice Cube Tray",,,,,N12727,82
rev-sleeves-8-5-inch-realistic-silicone-penis-extension-sleeve,Title,"Rev-Sleeves 8.5 Inch Realistic Silicone Penis Extension Sleeve",,,,,N12369,55
rev-sleeves-7-5-inch-girthy-realistic-silicone-penis-extension-sleeve,Title,"Rev-Sleeves 7.5 Inch Girthy Realistic Silicone Penis Extension Sleeve",,,,,N12371,57
rev-sleeves-8-inch-realistic-silicone-penis-extension-sleeve,Title,"Rev-Sleeves 8 Inch Realistic Silicone Penis Extension Sleeve",,,,,N12370,16
loving-joy-7-inch-remote-vibrating-dildo,Title,"Loving Joy 7 Inch Remote Vibrating Dildo",,,,,N12467,19
loving-joy-8-inch-remote-vibrating-dildo,Title,"Loving Joy 8 Inch Remote Vibrating Dildo",,,,,N12468,0
loving-joy-9-inch-remote-vibrating-dildo,Title,"Loving Joy 9 Inch Remote Vibrating Dildo",,,,,N12469,21
loving-joy-silicone-lubricant-100ml,Title,"Loving Joy Silicone Lubricant 100ml",,,,,N12600,0
loving-joy-silicone-lubricant-250ml,Title,"Loving Joy Silicone Lubricant 250ml",,,,,N12688,29
loving-joy-silk-hybrid-lubricant-100ml,Title,"Loving Joy Silk Hybrid Lubricant 100ml",,,,,N12684,156
loving-joy-silk-hybrid-lubricant-250ml,Title,"Loving Joy Silk Hybrid Lubricant 250ml",,,,,N12685,58
loving-joy-silk-hybrid-lubricant-30ml,Title,"Loving Joy Silk Hybrid Lubricant 30ml",,,,,N12683,131
loving-joy-7-5-inch-suction-cup-dildo-black,Title,"Loving Joy 7.5 Inch Suction Cup Dildo Black",,,,,N12624,12
loving-joy-8-5-inch-suction-cup-dildo-black,Title,"Loving Joy 8.5 Inch Suction Cup Dildo Black",,,,,N12625,26
loving-joy-9-5-inch-suction-cup-dildo-black,Title,"Loving Joy 9.5 Inch Suction Cup Dildo Black",,,,,N12626,17
loving-joy-6-inch-dildo-with-balls-black,Title,"Loving Joy 6 Inch Dildo with Balls Black",,,,,N12627,0
loving-joy-7-inch-dildo-with-balls-black,Title,"Loving Joy 7 Inch Dildo with Balls Black",,,,,N12628,37
loving-joy-8-inch-dildo-with-balls-black,Title,"Loving Joy 8 Inch Dildo with Balls Black",,,,,N12629,0
loving-joy-9-inch-dildo-with-balls-black,Title,"Loving Joy 9 Inch Dildo with Balls Black",,,,,N12630,0
loving-joy-11-inch-dildo-with-balls-black,Title,"Loving Joy 11 Inch Dildo with Balls Black",,,,,N12631,18
mina-glossy-lipstick-vibrator,Title,"Mina Glossy Lipstick Vibrator",,,,,N12634,55
mina-celeste-10-function-love-egg,Title,"Mina Celeste 10 Function Love Egg",,,,,N12635,124
mina-divine-10-function-love-egg,Title,"Mina Divine 10 Function Love Egg",,,,,N12636,104
mina-astral-10-function-love-egg,Title,"Mina Astral 10 Function Love Egg",,,,,N12637,86
loving-joy-warming-lubricant-100ml,Title,"Loving Joy Warming Lubricant 100ml",,,,,N12686,0
loving-joy-chocolate-flavoured-lubricant-100ml,Title,"Loving Joy Chocolate Flavoured Lubricant 100ml",,,,,N12731,61
loving-joy-peach-flavoured-lubricant-100ml,Title,"Loving Joy Peach Flavoured Lubricant 100ml",,,,,N12733,96
loving-joy-warming-lubricant-30ml,Title,"Loving Joy Warming Lubricant 30ml",,,,,N12734,0
loving-joy-cleanse-sex-toy-cleaner-250ml,Title,"Loving Joy Cleanse Sex Toy Cleaner 250ml",,,,,N12687,0
loving-joy-dual-ended-wand-vibrator,Title,"Loving Joy Dual Ended Wand Vibrator",,,,,N12700,1
mina-sensation-rabbit-vibrator,Title,"Mina Sensation Rabbit Vibrator",,,,,N12704,26
mina-flutter-rabbit-vibrator,Title,"Mina Flutter Rabbit Vibrator",,,,,N12706,20
mina-lover-rabbit-vibrator,Title,"Mina Lover Rabbit Vibrator",,,,,N12705,0
loving-joy-strawberry-flavoured-lubricant-100ml,Title,"Loving Joy Strawberry Flavoured Lubricant 100ml",,,,,N12732,46
91-free-loving-joy-water-based-lubricant-250ml,Title,"9+1 Free Loving Joy Water-Based Lubricant 250ml",,,,,N11294-B,0
big-erection-gel-150ml,Title,"Big Erection Gel 150ml",,,,,N12788,17
bigger-size-gel-150ml,Title,"Bigger Size Gel 150ml",,,,,N12789,18
orgasmmax-cream-for-men-50ml,Title,"OrgasmMax Cream for Men 50ml",,,,,N12790,6
orgasmmax-cream-for-women-50ml,Title,"OrgasmMax Cream for Women 50ml",,,,,N12791,0
big-erection-tablets-60-pack,Title,"Big Erection Tablets (60 pack)",,,,,N12792,20
super-orgasm-stop-tablets-60-pack,Title,"Super Orgasm Stop Tablets (60 pack)",,,,,N12794,8
cum-plus-strong-tablets-60-pack,Title,"Cum Plus Strong Tablets (60 pack)",,,,,N12795,6
win-woman-tablets-60-pack,Title,"Win Woman Tablets (60 pack)",,,,,N12796,0
pherostrong-fragrance-free-concentrate-for-men-7-5ml,Title,"PheroStrong Fragrance Free Concentrate for Men 7.5ml",,,,,N12797,2
pherostrong-fragrance-free-concentrate-for-women-7-5ml,Title,"PheroStrong Fragrance Free Concentrate for Women 7.5ml",,,,,N12798,11
pherostrong-pheromone-for-men-50ml,Title,"PheroStrong Pheromone for Men 50ml",,,,,N12799,7
pherostrong-pheromone-for-women-50ml,Title,"PheroStrong Pheromone for Women 50ml",,,,,N12800,14
toosh-remote-controlled-silicone-vibrating-butt-plug,Title,"Toosh Remote Controlled Silicone Vibrating Butt Plug",,,,,N12803,50
toosh-remote-controlled-silicone-rotating-vibrating-butt-plug,Title,"Toosh Remote Controlled Silicone Rotating & Vibrating Butt Plug",,,,,N12804,68
toosh-pink-silicone-butt-plug-small,Title,"Toosh Pink Silicone Butt Plug Small",,,,,N12805,0
toosh-purple-silicone-butt-plug-small,Title,"Toosh Purple Silicone Butt Plug Small",,,,,N12808,39
toosh-purple-silicone-butt-plug-medium,Title,"Toosh Purple Silicone Butt Plug Medium",,,,,N12809,0
toosh-purple-silicone-butt-plug-large,Title,"Toosh Purple Silicone Butt Plug Large",,,,,N12810,55
toosh-black-silicone-butt-plug-small,Title,"Toosh Black Silicone Butt Plug Small",,,,,N12811,34
toosh-black-silicone-butt-plug-medium,Title,"Toosh Black Silicone Butt Plug Medium",,,,,N12812,34
toosh-black-silicone-butt-plug-large,Title,"Toosh Black Silicone Butt Plug Large",,,,,N12813,18
toosh-silver-metal-butt-plug-small-clear-stone,Title,"Toosh Silver Metal Butt Plug Small Clear Stone",,,,,N12814,0
toosh-silver-metal-butt-plug-medium-clear-stone,Title,"Toosh Silver Metal Butt Plug Medium Clear Stone",,,,,N12815,17
toosh-silver-metal-butt-plug-large-clear-stone,Title,"Toosh Silver Metal Butt Plug Large Clear Stone",,,,,N12816,14
toosh-gold-metal-butt-plug-small-clear-stone,Title,"Toosh Gold Metal Butt Plug Small Clear Stone",,,,,N12817,0
toosh-gold-metal-butt-plug-medium-clear-stone,Title,"Toosh Gold Metal Butt Plug Medium Clear Stone",,,,,N12818,2
toosh-gold-metal-butt-plug-large-clear-stone,Title,"Toosh Gold Metal Butt Plug Large Clear Stone",,,,,N12819,17
toosh-silver-metal-butt-plug-small-red-stone,Title,"Toosh Silver Metal Butt Plug Small Red Stone",,,,,N12820,47
toosh-silver-metal-butt-plug-medium-red-stone,Title,"Toosh Silver Metal Butt Plug Medium Red Stone",,,,,N12821,0
toosh-silver-metal-butt-plug-large-red-stone,Title,"Toosh Silver Metal Butt Plug Large Red Stone",,,,,N12822,2
toosh-gold-metal-butt-plug-small-red-stone,Title,"Toosh Gold Metal Butt Plug Small Red Stone",,,,,N12823,0
toosh-gold-metal-butt-plug-large-red-stone,Title,"Toosh Gold Metal Butt Plug Large Red Stone",,,,,N12825,15
toosh-silver-metal-butt-plug-small-pink-stone,Title,"Toosh Silver Metal Butt Plug Small Pink Stone",,,,,N12826,5
toosh-silver-metal-butt-plug-medium-pink-stone,Title,"Toosh Silver Metal Butt Plug Medium Pink Stone",,,,,N12827,0
toosh-silver-metal-butt-plug-large-pink-stone,Title,"Toosh Silver Metal Butt Plug Large Pink Stone",,,,,N12828,0
toosh-gold-metal-butt-plug-small-pink-stone,Title,"Toosh Gold Metal Butt Plug Small Pink Stone",,,,,N12829,0
toosh-gold-metal-butt-plug-medium-pink-stone,Title,"Toosh Gold Metal Butt Plug Medium Pink Stone",,,,,N12830,0
toosh-gold-metal-butt-plug-large-pink-stone,Title,"Toosh Gold Metal Butt Plug Large Pink Stone",,,,,N12831,27
toosh-heart-shaped-silver-with-red-stone-small,Title,"Toosh Heart Shaped Silver with Red Stone Small",,,,,N12832,12
toosh-heart-shaped-silver-with-red-stone-medium,Title,"Toosh Heart Shaped Silver with Red Stone Medium",,,,,N12833,12
toosh-heart-shaped-gold-with-red-stone-small,Title,"Toosh Heart Shaped Gold with Red Stone Small",,,,,N12835,0
toosh-heart-shaped-gold-with-red-stone-medium,Title,"Toosh Heart Shaped Gold with Red Stone Medium",,,,,N12836,4
toosh-heart-shaped-gold-with-red-stone-large,Title,"Toosh Heart Shaped Gold with Red Stone Large",,,,,N12837,16
toosh-metal-butt-plug-silver-set-of-3-clear-stone,Title,"Toosh Metal Butt Plug Silver Set of 3 Clear Stone",,,,,N12838,56
toosh-metal-butt-plug-gold-set-of-3-clear-stone,Title,"Toosh Metal Butt Plug Gold Set of 3 Clear Stone",,,,,N12839,29
toosh-silicone-butt-plug-black-set-of-3-clear-stone,Title,"Toosh Silicone Butt Plug Black Set of 3 Clear Stone",,,,,N12840,48
toosh-silicone-butt-plug-purple-set-of-3-clear-stone,Title,"Toosh Silicone Butt Plug Purple Set of 3 Clear Stone",,,,,N12841,17
toosh-silicone-butt-plug-pink-set-of-3-clear-stone,Title,"Toosh Silicone Butt Plug Pink Set of 3 Clear Stone",,,,,N12842,44
loving-joy-7-5-remote-gyrating-vibrating-silicone-dildo,Title,"Loving Joy 7.5"" Remote Gyrating & Vibrating Silicone Dildo",,,,,N12743,19
loving-joy-7-5-remote-thrusting-vibrating-silicone-dildo,Title,"Loving Joy 7.5"" Remote Thrusting & Vibrating Silicone Dildo",,,,,N12744,43
loving-joy-dart-7-function-vibrating-butt-plug,Title,"Loving Joy Dart 7 Function Vibrating Butt Plug",,,,,N12728,39
loving-joy-paragon-7-function-vibrating-butt-plug,Title,"Loving Joy Paragon 7 Function Vibrating Butt Plug",,,,,N12729,46
loving-joy-swirl-7-function-vibrating-butt-plug,Title,"Loving Joy Swirl 7 Function Vibrating Butt Plug",,,,,N12730,0
mina-eclipse-strap-on-harness,Title,"Mina Eclipse Strap-on Harness",,,,,N12771,40
mina-lustre-strap-on-harness,Title,"Mina Lustre Strap-On Harness",,,,,N12772,13
mina-shimmer-strap-on-harness,Title,"Mina Shimmer Strap-On Harness",,,,,N12773,38
rev-sleeves-vibrating-male-masturbator,Title,"Rev-Sleeves Vibrating Male Masturbator",,,,,N12780,84
toosh-remote-controlled-metal-vibrating-anal-beads,Title,"Toosh Remote Controlled Metal Vibrating Anal Beads",,,,,N12785,35
toosh-remote-controlled-metal-vibrating-anal-plug,Title,"Toosh Remote Controlled Metal Vibrating Anal Plug",,,,,N12786,11
toosh-remote-controlled-metal-vibrating-butt-plug,Title,"Toosh Remote Controlled Metal Vibrating Butt Plug",,,,,N12787,18
rev-lite-squeezable-male-masturbator,Title,"Rev-Lite Squeezable Male Masturbator",,,,,N12801,15
impound-snare-cock-cage,Title,"Impound Snare Cock Cage",,,,,N12870,15
impound-enforcer-cock-cage,Title,"Impound Enforcer Cock Cage",,,,,N12872,9
impound-sentinal-cock-cage,Title,"Impound Sentinal Cock Cage",,,,,N12871,18
impound-titan-cock-cage,Title,"Impound Titan Cock Cage",,,,,N12873,19
bound-to-please-spanking-cane,Title,"Bound to Please Spanking Cane",,,,,N12774,18
bound-to-please-multi-strand-spanking-cane,Title,"Bound to Please Multi-Strand Spanking Cane",,,,,N12775,16
toosh-douche-160ml,Title,"Toosh Douche 160ml",,,,,N12994,54
toosh-douche-225ml,Title,"Toosh Douche 225ml",,,,,N12995,0
loving-joy-flavoured-lubricant-set-4-pack,Title,"Loving Joy Flavoured Lubricant Set (4 Pack)",,,,,N12622,0
toosh-remote-controlled-light-up-vibrating-butt-plug,Title,"Toosh Remote Controlled Light Up Vibrating Butt Plug",,,,,N12897,99
toosh-remote-controlled-vibrating-anal-beads,Title,"Toosh Remote Controlled Vibrating Anal Beads",,,,,N12953,78
toosh-remote-controlled-silicone-vibrating-butt-plug-2,Title,"Toosh Remote Controlled Silicone Vibrating Butt Plug",,,,,N12941,75
toosh-remote-controlled-thrusting-butt-plug,Title,"Toosh Remote Controlled Thrusting Butt Plug",,,,,N12952,50
lace-by-lj-plus-size-lace-up-mini-dress,Title,"Lace by LJ Plus Size Lace Up Mini Dress",,,,,N12898,26
lace-by-lj-plus-size-footless-crochet-bodystocking,Title,"Lace by LJ Plus Size Footless Crochet Bodystocking",,,,,N12900,26
lace-by-lj-plus-size-lace-up-suspender-bodystocking,Title,"Lace by LJ Plus Size Lace Up Suspender Bodystocking",,,,,N12901,8
lace-by-lj-plus-size-long-sleeved-cut-out-back-bodysuit,Title,"Lace by LJ Plus Size Long Sleeved Cut Out Back Bodysuit",,,,,N12899,21
lace-by-lj-plus-size-suspender-pantyhose,Title,"Lace by LJ Plus Size Suspender Pantyhose",,,,,N12902,49
lace-by-lj-plus-size-suspender-pantyhose-with-rhinestones,Title,"Lace by LJ Plus Size Suspender Pantyhose with Rhinestones",,,,,N12903,0
lace-by-lj-fishnet-crotchless-pantyhose-black,Title,"Lace by LJ Fishnet Crotchless Pantyhose Black",,,,,N12906,49
lace-by-lj-lace-up-front-crotchless-bodystocking-fushia,Title,"Lace by LJ Lace Up Front Crotchless Bodystocking Fuchsia",,,,,N12917,0
lace-by-lj-rhinestone-crotchless-bodystocking-black,Title,"Lace by LJ Rhinestone Crotchless Bodystocking Black",,,,,N12919,27
lace-by-lj-rhinestone-crotchless-long-sleeved-bodystocking-black,Title,"Lace by LJ Rhinestone Crotchless Long Sleeved Bodystocking Black",,,,,N12920,26
lace-by-lj-rhinestone-fishnet-crotchless-pantyhose-black,Title,"Lace by LJ Rhinestone Fishnet Crotchless Pantyhose Black",,,,,N12907,49
lace-by-lj-one-size-industrial-net-footless-tights-black,Title,"Lace by LJ One Size Industrial Net Footless Tights Black",,,,,N12909,49
lace-by-lj-rhinestone-suspender-tights-black,Title,"Lace by LJ Rhinestone Suspender Tights Black",,,,,N12908,9
lace-by-lj-fishnet-open-cup-crotchless-bodystocking,Title,"Lace by LJ Fishnet Open Cup Crotchless Bodystocking",,,,,N12933,47
lace-by-lj-lace-up-suspender-tights-black,Title,"Lace by LJ Lace Up Suspender Tights Black",,,,,N12910,49
lace-by-lj-lace-suspender-bodystocking-black,Title,"Lace by LJ Lace Suspender Bodystocking Black",,,,,N12916,14
lace-by-lj-cut-out-lace-suspender-bodystocking-black,Title,"Lace by LJ Cut Out Lace Suspender Bodystocking Black",,,,,N12923,50
lace-by-lj-fishnet-crotchless-long-sleeve-bodystocking-black,Title,"Lace by LJ Fishnet Crotchless Long Sleeve Bodystocking Black",,,,,N12922,60
lace-by-lj-floral-lace-net-halter-suspender-bodystocking-black,Title,"Lace by LJ Floral Lace & Net Halter Suspender Bodystocking Black",,,,,N12918,5
lace-by-lj-crochet-bodystocking-with-lace-up-back-black,Title,"Lace by LJ Crochet Bodystocking with Lace Up Back Black",,,,,N12924,13
lace-by-lj-crossover-neck-crotchless-bodystocking,Title,"Lace by LJ Crossover Neck Crotchless Bodystocking",,,,,N12947,11
lace-by-lj-fishnet-crotchless-bodystocking-black,Title,"Lace by LJ Fishnet Crotchless Bodystocking Black",,,,,N12921,6
lace-by-lj-strappy-halter-teddy-black,Title,"Lace by LJ Strappy Halter Teddy Black",,,,,N12925,50
lace-by-lj-fence-net-long-sleeved-thong-bodysuit-black,Title,"Lace by LJ Fence Net Long Sleeved Thong Bodysuit Black",,,,,N12934,2
lace-by-lj-floral-halter-bodysuit-black,Title,"Lace by LJ Floral Halter Bodysuit Black",,,,,N12927,28
lace-by-lj-high-neck-lace-bodysuit-black,Title,"Lace by LJ High Neck Lace Bodysuit Black",,,,,N12928,3
lace-by-lj-seamless-lace-long-sleeved-bodysuit-black,Title,"Lace by LJ Seamless Lace Long Sleeved Bodysuit Black",,,,,N12929,30
lace-by-lj-opaque-bodysuit-black,Title,"Lace by LJ Opaque Bodysuit Black",,,,,N12926,23
lace-by-lj-off-the-shoulder-mini-dress-black,Title,"Lace by LJ Off the Shoulder Mini Dress Black",,,,,N12930,10
lace-by-lj-halter-neck-dress-with-faux-lace-up-front-black,Title,"Lace by LJ Halter Neck Dress with Faux Lace Up Front Black",,,,,N12931,11
lace-by-lj-ombre-faux-lace-up-mini-dress,Title,"Lace by LJ Ombre Faux Lace Up Mini Dress",,,,,N12983,28
lace-by-lj-rainbow-halter-neck-dress,Title,"Lace by LJ Rainbow Halter Neck Dress",,,,,N12939,27
lace-by-lj-rainbow-long-sleeved-mini-dress,Title,"Lace by LJ Rainbow Long Sleeved Mini Dress",,,,,N12937,31
lace-by-lj-gloved-leopard-print-catsuit-black,Title,"Lace by LJ Gloved Leopard Print Catsuit Black",,,,,N12935,0
lace-by-lj-rainbow-fence-net-crop-top-and-bottoms,Title,"Lace by LJ Rainbow Fence Net Crop Top and Bottoms",,,,,N12936,42
lace-by-lj-rainbow-crop-top-and-skirt-set,Title,"Lace by LJ Rainbow Crop Top and Skirt Set",,,,,N12938,45
mina-whisper-rechargeable-bullet-vibrator,Title,"Mina Whisper Rechargeable Bullet Vibrator",,,,,N12942,135
mina-veil-remote-controlled-panty-vibrator,Title,"Mina Veil Remote Controlled Panty Vibrator",,,,,N12943,0
lace-by-lj-fence-net-crop-top-and-bottoms,Option,"Options: fuchsia pink",,,,,NS8103,29
lace-by-lj-fence-net-crop-top-and-bottoms,Option,"Options: black",,,,,NS8102,26
lace-by-lj-deep-v-teddy-with-bow-black,Title,"Lace by LJ Deep V Teddy with Bow Black",,,,,N12932,12
earthly-body-massage-oil-gift-set-box,Title,"Earthly Body Massage Oil Gift Set Box",,,,,N9964,0
earthly-body-edible-massage-oil-8oz,Option,"Options: cherry",,,,,NS5631,24
earthly-body-edible-massage-oil-8oz,Option,"Options: Strawberry",,,,,NS5632,23
earthly-body-edible-massage-oil-8oz,Option,"Options: vanilla",,,,,NS5630,24
earthly-body-edible-massage-oil-8oz,Option,"Options: watermelon",,,,,NS5629,24
earthly-body-edible-massage-oil-2oz,Option,"Options: cherry",,,,,NS6914,27
earthly-body-edible-massage-oil-2oz,Option,"Options: Strawberry",,,,,NS6916,27
earthly-body-edible-massage-oil-2oz,Option,"Options: vanilla",,,,,NS6915,30
earthly-body-edible-massage-oil-2oz,Option,"Options: watermelon",,,,,NS6917,30
earthly-body-heart-3-in-1-edible-massage-candle-4oz-113g,Option,"Options: cherry",,,,,NS8118,24
earthly-body-heart-3-in-1-edible-massage-candle-4oz-113g,Option,"Options: Strawberry",,,,,NS8119,23
earthly-body-heart-3-in-1-edible-massage-candle-4oz-113g,Option,"Options: vanilla",,,,,NS8120,24
apron-bondage-woman,Title,"Apron Bondage Woman",,,,,N10129,8
apron-bondage-man,Title,"Apron Bondage Man",,,,,N10130,8
penis-shot-cups-pack-of-12-various-colours,Title,"Penis Shot Cups (Pack of 12 Various Colours)",,,,,N10131,6
sexy-lady-apron,Title,"Sexy Lady Apron",,,,,N10132,10
chocolate-body-paint-with-body-dice,Title,"Chocolate Body Paint with Body Dice",,,,,N10133,24
edible-wafer-thong-for-women-vanilla-flavour,Title,"Edible Wafer Thong for Women Vanilla Flavour",,,,,N10136,0
edible-wafer-thong-for-men-vanilla-flavour,Title,"Edible Wafer Thong for Men Vanilla Flavour",,,,,N10137,3
fruit-flavoured-jelly-willies,Title,"Fruit Flavoured Jelly Willies",,,,,N10138,19
fruit-flavoured-jelly-boobs,Title,"Fruit Flavoured Jelly Boobs",,,,,N10139,22
penis-shaped-bottle-opener,Title,"Penis Shaped Bottle Opener (12 Pack)",,,,,N10140,11
vagina-shaped-bottle-opener,Title,"Vagina Shaped Bottle Opener (12 Pack)",,,,,N10141,9
super-orgasm-stop-gel-150ml,Title,"Super Orgasm Stop Gel 150ml",,,,,N12967,23
fisting-gel-strong150ml,Title,"Fisting Gel Strong 150ml",,,,,N12968,7
orgasm-power-cream-for-men-50ml,Title,"Orgasm Power Cream for Men 50ml",,,,,N12969,17
orgasmmax-for-men-2-capsules,Title,"OrgasmMax for Men 2 Capsules",,,,,N12971,0
orgasmmax-for-women-2-capsules,Title,"OrgasmMax for Women 2 Capsules",,,,,N12972,98
pherostrong-pheromone-perfect-for-women-50ml,Title,"PheroStrong Pheromone Perfect for Women 50ml",,,,,N12975,15
pherostrong-pheromone-perfect-for-men-50ml,Title,"PheroStrong Pheromone Perfect for Men 50ml",,,,,N12976,16
pherostrong-pheromone-popularity-for-men-50ml,Title,"PheroStrong Pheromone Popularity for Men 50ml",,,,,N12977,16
pherostrong-pheromone-popularity-for-women-50ml,Title,"PheroStrong Pheromone Popularity for Women 50ml",,,,,N12978,15
orgasm-power-cream-for-women-50ml,Title,"Orgasm Power Cream for Women 50ml",,,,,N12970,0
for-play-his-and-hers-couples-chocolate-milk,Title,"For Play His and Hers Couples Chocolate Milk",,,,,N13002,10
for-play-his-and-hers-couples-chocolate-dark,Title,"For Play His and Hers Couples Chocolate Dark",,,,,N13016,10
goldmax-instant-premium-x5-capsules,Title,"GoldMAX Instant Premium x5 Capsules",,,,,N11961,28
goldmax-oral-jelly-7-sachets-pack,Title,"GoldMAX Oral Jelly (7 Sachets Pack)",,,,,N13024,11
rev-thrusting-and-vibrating-male-masturbator-2,Title,"Rev Thrusting and Vibrating Male Masturbator",,,,,N12955,0
rev-sucking-and-vibrating-male-masturbator,Title,"Rev Sucking and Vibrating Male Masturbator",,,,,N12956,12
tug-life-mile-high-club-male-masturbator,Title,"Tug Life Mile High Club Male Masturbator",,,,,N12990,102
tug-life-night-call-male-masturbator,Title,"Tug Life Night Call Male Masturbator",,,,,N12991,105
tug-life-the-beat-male-masturbator,Title,"Tug Life The Beat Male Masturbator",,,,,N12992,114
tug-life-internal-review-male-masturbator,Title,"Tug Life Internal Review Male Masturbator",,,,,N12993,114
rev-pro-thrusting-prostate-massager,Title,"Rev-Pro Thrusting Prostate Massager",,,,,N13025,83
impound-vanguard-cock-cage,Title,"Impound Vanguard Cock Cage",,,,,N13032,18
impound-citadel-cock-cage,Title,"Impound Citadel Cock Cage",,,,,N13033,28
impound-curfew-cock-cage,Title,"Impound Curfew Cock Cage",,,,,N13034,26
impound-warden-cock-cage,Title,"Impound Warden Cock Cage",,,,,N13036,31
lelo-sona-3-clitoral-massager-cream,Title,"LELO Sona 3 Clitoral Massager Cream",,,,,N13017,2
lelo-sona-3-clitoral-massager-cyber-purple,Title,"LELO Sona 3 Clitoral Massager Cyber Purple",,,,,N13018,6
lelo-sona-3-cruise-clitoral-massager-black,Title,"LELO Sona 3 Cruise Clitoral Massager Black",,,,,N13019,4
willy-blindfold,Title,"Willy Blindfold",,,,,N12291,14
boob-blindfold,Title,"Boob Blindfold",,,,,N12292,18
penis-bottle-750ml,Title,"Penis Bottle 750ml",,,,,N12293,0
boob-bottle-750ml,Title,"Boob Bottle 750ml",,,,,N10030,0
penis-straws-pack-of-30,Title,"Penis Straws (Pack of 30)",,,,,N10031,2
penis-shaped-lighter-pack-of-25-caramel,Title,"Penis Shaped Lighter (Pack of 25) Caramel",,,,,N10032,3
penis-shaped-lighter-pack-of-25-vanilla,Title,"Penis Shaped Lighter (Pack of 25) Vanilla",,,,,N10033,4
penis-covered-cup-black-500ml-pack-of-12,Title,"Penis Covered Cup Black 500ml (Pack of 12)",,,,,N10034,4
boob-covered-cup-blue-500ml-pack-of-12,Title,"Boob Covered Cup Blue 500ml (Pack of 12)",,,,,N10035,6
penis-shaped-keyring-vanilla-pack-of-12,Title,"Penis Shaped Keyring Vanilla (Pack of 12)",,,,,N10036,1
penis-shaped-keyring-brown-pack-of-12,Title,"Penis Shaped Keyring Brown (Pack of 12)",,,,,N10037,3
stress-willie-whistle-pack-of-12,Title,"Stress Willie Whistle (Pack of 12)",,,,,N10038,5
penis-shaped-cup-with-straw-blue,Title,"Penis Shaped Cup with Straw Blue",,,,,N10039,5
penis-shaped-cup-with-straw-pink,Title,"Penis Shaped Cup with Straw Pink",,,,,N10040,3
game-of-seduction-spanish,Title,"Game of Seduction (Spanish)",,,,,N10041,12
sex-game-spanish,Title,"Sex Game (Spanish)",,,,,N10042,12
the-horny-game-spanish,Title,"The Horny Game (Spanish)",,,,,N10043,12
the-bondage-game-spanish,Title,"The Bondage Game (Spanish)",,,,,N10044,11
erotic-shot-ladder-game-spanish,Title,"Erotic Shot Ladder Game (Spanish)",,,,,N10045,11
roulette-of-passion-game-spanish,Title,"Roulette of Passion Game (Spanish)",,,,,N10046,0
sex-game-italian,Title,"Sex Game (Italian)",,,,,N10047,0
the-pleasure-game-spanish,Title,"The Pleasure Game (Spanish)",,,,,N10049,11
lubricant-balls-2-pack-strawberry-champagne,Title,"Lubricant Balls (2 Pack) Strawberry Champagne",,,,,N10051,16
lubricant-balls-2-pack-mint,Title,"Lubricant Balls (2 Pack) Mint",,,,,N10052,10
ultra-blue-male-support-1-capsule-pack,Title,"Ultra Blue Male Support 1 Capsule Pack",,,,,N13094,30
ultra-blue-male-support-10-capsule-pack,Title,"Ultra Blue Male Support 10 Capsule Pack",,,,,N13095,24
ultra-gold-male-support-and-delay-1-capsule-pack,Title,"Ultra Gold Male Support and Delay 1 Capsule Pack",,,,,N13096,0
ultra-gold-male-support-and-delay-10-capsule-pack,Title,"Ultra Gold Male Support and Delay 10 Capsule Pack",,,,,N13097,0
ultra-max-male-support-1-capsule-pack,Title,"Ultra Max Male Support 1 Capsule Pack",,,,,N13098,58
ultra-max-male-support-10-capsule-pack,Title,"Ultra Max Male Support 10 Capsule Pack",,,,,N13099,24
ultra-pink-female-support-1-capsule-pack,Title,"Ultra Pink Female Support 1 Capsule Pack",,,,,N13100,3
ultra-pink-female-support-10-capsule-pack,Title,"Ultra Pink Female Support 10 Capsule Pack",,,,,N13101,12
lelo-originals-kaya-rabbit-vibrator,Title,"Lelo Originals KAYA Rabbit Vibrator",,,,,N13109,3
lelo-originals-moka-g-spot-vibrator,Title,"Lelo Originals MOKA G-Spot Vibrator",,,,,N13110,5
lelo-originals-mahana-couples-massager,Title,"Lelo Originals MAHANA Couples Massager",,,,,N13111,0
lelo-originals-surfer-anal-plug,Title,"Lelo Originals SURFER Anal Plug",,,,,N13112,3
lelo-originals-lifeguard-vibrating-cock-ring,Title,"Lelo Originals LIFEGUARD Vibrating Cock Ring",,,,,N13114,4
lelo-originals-ako-clitoral-massager,Title,"Lelo Originals AKO Clitoral Massager",,,,,N13115,4
